Language1,Language2,Distance,Proficiency
AR # Arabic,BN # Bengali,0.0007959604,B1
AR # Arabic,BN # Bengali,0.00082457066,B2
AR # Arabic,BN # Bengali,0.00086808205,C1
AR # Arabic,BN # Bengali,0.0013295412,C2
AR # Arabic,BN # Bengali,0.0010505915,Perfect
AR # Arabic,DE # German,0.0036647916,B1
AR # Arabic,DE # German,0.0023372173,B2
AR # Arabic,DE # German,0.000952363,C1
AR # Arabic,DE # German,0.0012514591,C2
AR # Arabic,DE # German,0.0022313595,Perfect
AR # Arabic,ES # Spanish,0.0026893616,B1
AR # Arabic,ES # Spanish,0.0013409853,B2
AR # Arabic,ES # Spanish,0.0007020235,C1
AR # Arabic,ES # Spanish,0.00056988,C2
AR # Arabic,ES # Spanish,0.00043410063,Perfect
AR # Arabic,FA # Persian,0.0011074543,B1
AR # Arabic,FA # Persian,0.0008890629,B2
AR # Arabic,FA # Persian,0.0006314516,C1
AR # Arabic,FA # Persian,0.00023323298,C2
AR # Arabic,FA # Persian,0.00082987547,Perfect
AR # Arabic,FR # French,0.0029814243,B1
AR # Arabic,FR # French,0.0028412342,B2
AR # Arabic,FR # French,0.0012364388,C1
AR # Arabic,FR # French,0.000988245,C2
AR # Arabic,FR # French,0.001406312,Perfect
AR # Arabic,GA # Irish,0.0030862093,B1
AR # Arabic,GA # Irish,0.0034338236,B2
AR # Arabic,GA # Irish,0.0034155846,C1
AR # Arabic,GA # Irish,0.00046014786,C2
AR # Arabic,GA # Irish,0.0015803576,Perfect
AR # Arabic,HE # Hebrew,0.0020823479,B1
AR # Arabic,HE # Hebrew,0.0026911497,B2
AR # Arabic,HE # Hebrew,0.0017005205,C1
AR # Arabic,HE # Hebrew,0.00054746866,C2
AR # Arabic,HE # Hebrew,0.0008672476,Perfect
AR # Arabic,HI # Hindi,0.0024363399,B1
AR # Arabic,HI # Hindi,0.0024354458,B2
AR # Arabic,HI # Hindi,0.0007991195,C1
AR # Arabic,HI # Hindi,0.00042706728,C2
AR # Arabic,HI # Hindi,0.0006597042,Perfect
AR # Arabic,IT # Italian,0.0017092228,B1
AR # Arabic,IT # Italian,0.0025074482,B2
AR # Arabic,IT # Italian,0.0007955432,C1
AR # Arabic,IT # Italian,0.0012575388,C2
AR # Arabic,IT # Italian,0.0009797812,Perfect
AR # Arabic,JA # Japanese,0.0019322038,B1
AR # Arabic,JA # Japanese,0.0014557242,B2
AR # Arabic,JA # Japanese,0.0016637444,C1
AR # Arabic,JA # Japanese,0.002094388,C2
AR # Arabic,JA # Japanese,0.00076568127,Perfect
AR # Arabic,KO # Korean,0.0017670393,B1
AR # Arabic,KO # Korean,0.0016536713,B2
AR # Arabic,KO # Korean,0.0011056066,C1
AR # Arabic,KO # Korean,0.0006932616,C2
AR # Arabic,KO # Korean,0.00055736303,Perfect
AR # Arabic,LV # Latvian,0.0014830828,B1
AR # Arabic,LV # Latvian,0.0014564991,B2
AR # Arabic,LV # Latvian,0.001113534,C1
AR # Arabic,LV # Latvian,0.0011550784,C2
AR # Arabic,LV # Latvian,0.0010417104,Perfect
AR # Arabic,PL # Polish,0.0018718243,B1
AR # Arabic,PL # Polish,0.0009624958,B2
AR # Arabic,PL # Polish,0.0007840991,C1
AR # Arabic,PL # Polish,0.0015159249,C2
AR # Arabic,PL # Polish,0.002277255,Perfect
AR # Arabic,PS # Pashto,0.0019544363,B1
AR # Arabic,PS # Pashto,0.0009506941,B2
AR # Arabic,PS # Pashto,0.0007019043,C1
AR # Arabic,PS # Pashto,0.0011553764,C2
AR # Arabic,PS # Pashto,0.0017387867,Perfect
AR # Arabic,PT # Portuguese,0.0020697713,B1
AR # Arabic,PT # Portuguese,0.001429379,B2
AR # Arabic,PT # Portuguese,0.0008966327,C1
AR # Arabic,PT # Portuguese,0.0021657944,C2
AR # Arabic,PT # Portuguese,0.0010014772,Perfect
AR # Arabic,RU # Russian,0.0026032925,B1
AR # Arabic,RU # Russian,0.0014839172,B2
AR # Arabic,RU # Russian,0.002303481,C1
AR # Arabic,RU # Russian,0.0007635355,C2
AR # Arabic,RU # Russian,0.0011484623,Perfect
AR # Arabic,SQ # Albanian,0.0020641685,B1
AR # Arabic,SQ # Albanian,0.0009955764,B2
AR # Arabic,SQ # Albanian,0.00084519386,C1
AR # Arabic,SQ # Albanian,0.0018375516,C2
AR # Arabic,SQ # Albanian,0.0006389022,Perfect
AR # Arabic,SW # Swahili,0.001853764,B1
AR # Arabic,SW # Swahili,0.0014058948,B2
AR # Arabic,SW # Swahili,0.00072067976,C1
AR # Arabic,SW # Swahili,0.00084495544,C2
AR # Arabic,SW # Swahili,0.0019629598,Perfect
AR # Arabic,TH # Thai,0.0033971071,B1
AR # Arabic,TH # Thai,0.0012642741,B2
AR # Arabic,TH # Thai,0.00221622,C1
AR # Arabic,TH # Thai,0.0014308095,C2
AR # Arabic,TH # Thai,0.0016272664,Perfect
AR # Arabic,TR # Turkish,0.0017937422,B1
AR # Arabic,TR # Turkish,0.0013769269,B2
AR # Arabic,TR # Turkish,0.0008273721,C1
AR # Arabic,TR # Turkish,0.0016668439,C2
AR # Arabic,TR # Turkish,0.00029939413,Perfect
AR # Arabic,UR # Urdu,0.0016167164,B1
AR # Arabic,UR # Urdu,0.0012925863,B2
AR # Arabic,UR # Urdu,0.0011886954,C1
AR # Arabic,UR # Urdu,0.0015449524,C2
AR # Arabic,UR # Urdu,0.00052696466,Perfect
AR # Arabic,VI # Vietnamese,0.0014441013,B1
AR # Arabic,VI # Vietnamese,0.0010043383,B2
AR # Arabic,VI # Vietnamese,0.00094103813,C1
AR # Arabic,VI # Vietnamese,0.0019340515,C2
AR # Arabic,VI # Vietnamese,0.0007801056,Perfect
AR # Arabic,ZH # Mandarin,0.001354456,B1
AR # Arabic,ZH # Mandarin,0.0011621118,B2
AR # Arabic,ZH # Mandarin,0.0007222295,C1
AR # Arabic,ZH # Mandarin,0.0010393262,C2
AR # Arabic,ZH # Mandarin,0.0006069541,Perfect
BN # Bengali,DE # German,0.002929449,B1
BN # Bengali,DE # German,0.0021211505,B2
BN # Bengali,DE # German,0.0004786253,C1
BN # Bengali,DE # German,0.00070023537,C2
BN # Bengali,DE # German,0.0014541149,Perfect
BN # Bengali,ES # Spanish,0.0022848845,B1
BN # Bengali,ES # Spanish,0.0012723207,B2
BN # Bengali,ES # Spanish,0.000562191,C1
BN # Bengali,ES # Spanish,0.0012006164,C2
BN # Bengali,ES # Spanish,0.00087219477,Perfect
BN # Bengali,FA # Persian,0.00065505505,B1
BN # Bengali,FA # Persian,0.0012367964,B2
BN # Bengali,FA # Persian,0.000567317,C1
BN # Bengali,FA # Persian,0.0015307665,C2
BN # Bengali,FA # Persian,0.0016644001,Perfect
BN # Bengali,FR # French,0.0027073026,B1
BN # Bengali,FR # French,0.0025348067,B2
BN # Bengali,FR # French,0.0015677214,C1
BN # Bengali,FR # French,0.0013886094,C2
BN # Bengali,FR # French,0.00087559223,Perfect
BN # Bengali,GA # Irish,0.0027655363,B1
BN # Bengali,GA # Irish,0.0030102134,B2
BN # Bengali,GA # Irish,0.00418365,C1
BN # Bengali,GA # Irish,0.0018033981,C2
BN # Bengali,GA # Irish,0.0010961294,Perfect
BN # Bengali,HE # Hebrew,0.0018544197,B1
BN # Bengali,HE # Hebrew,0.002038002,B2
BN # Bengali,HE # Hebrew,0.002368331,C1
BN # Bengali,HE # Hebrew,0.0019546747,C2
BN # Bengali,HE # Hebrew,0.0002169013,Perfect
BN # Bengali,HI # Hindi,0.0018877387,B1
BN # Bengali,HI # Hindi,0.0022292733,B2
BN # Bengali,HI # Hindi,0.00081408024,C1
BN # Bengali,HI # Hindi,0.00080269575,C2
BN # Bengali,HI # Hindi,0.0006327033,Perfect
BN # Bengali,IT # Italian,0.0018521547,B1
BN # Bengali,IT # Italian,0.001822114,B2
BN # Bengali,IT # Italian,0.0007275343,C1
BN # Bengali,IT # Italian,0.0007250905,C2
BN # Bengali,IT # Italian,0.00026404858,Perfect
BN # Bengali,JA # Japanese,0.0018309951,B1
BN # Bengali,JA # Japanese,0.001060009,B2
BN # Bengali,JA # Japanese,0.001506269,C1
BN # Bengali,JA # Japanese,0.000595212,C2
BN # Bengali,JA # Japanese,0.0014330149,Perfect
BN # Bengali,KO # Korean,0.0025351048,B1
BN # Bengali,KO # Korean,0.0011188388,B2
BN # Bengali,KO # Korean,0.00078099966,C1
BN # Bengali,KO # Korean,0.0024545193,C2
BN # Bengali,KO # Korean,0.0010616779,Perfect
BN # Bengali,LV # Latvian,0.0014275908,B1
BN # Bengali,LV # Latvian,0.0014270544,B2
BN # Bengali,LV # Latvian,0.0014060736,C1
BN # Bengali,LV # Latvian,0.0006108284,C2
BN # Bengali,LV # Latvian,0.0010395646,Perfect
BN # Bengali,PL # Polish,0.0017086864,B1
BN # Bengali,PL # Polish,0.0011125803,B2
BN # Bengali,PL # Polish,0.0010637641,C1
BN # Bengali,PL # Polish,0.00044494867,C2
BN # Bengali,PL # Polish,0.0014733672,Perfect
BN # Bengali,PS # Pashto,0.0016562939,B1
BN # Bengali,PS # Pashto,0.0007547736,B2
BN # Bengali,PS # Pashto,0.0010029674,C1
BN # Bengali,PS # Pashto,0.00042533875,C2
BN # Bengali,PS # Pashto,0.00074994564,Perfect
BN # Bengali,PT # Portuguese,0.002183497,B1
BN # Bengali,PT # Portuguese,0.00096029043,B2
BN # Bengali,PT # Portuguese,0.0007646084,C1
BN # Bengali,PT # Portuguese,0.0005954504,C2
BN # Bengali,PT # Portuguese,0.00038295984,Perfect
BN # Bengali,RU # Russian,0.0025926828,B1
BN # Bengali,RU # Russian,0.0016524792,B2
BN # Bengali,RU # Russian,0.0030346513,C1
BN # Bengali,RU # Russian,0.00090926886,C2
BN # Bengali,RU # Russian,0.0005556941,Perfect
BN # Bengali,SQ # Albanian,0.0019305944,B1
BN # Bengali,SQ # Albanian,0.0008623004,B2
BN # Bengali,SQ # Albanian,0.00062680244,C1
BN # Bengali,SQ # Albanian,0.00040012598,C2
BN # Bengali,SQ # Albanian,0.0002757907,Perfect
BN # Bengali,SW # Swahili,0.0010213852,B1
BN # Bengali,SW # Swahili,0.0007941723,B2
BN # Bengali,SW # Swahili,0.00053340197,C1
BN # Bengali,SW # Swahili,0.0011415482,C2
BN # Bengali,SW # Swahili,0.0007170439,Perfect
BN # Bengali,TH # Thai,0.0042877197,B1
BN # Bengali,TH # Thai,0.0010560751,B2
BN # Bengali,TH # Thai,0.0022851229,C1
BN # Bengali,TH # Thai,0.0007122755,C2
BN # Bengali,TH # Thai,0.0006687641,Perfect
BN # Bengali,TR # Turkish,0.0017976165,B1
BN # Bengali,TR # Turkish,0.0016294122,B2
BN # Bengali,TR # Turkish,0.0010998249,C1
BN # Bengali,TR # Turkish,0.0004324913,C2
BN # Bengali,TR # Turkish,0.0009739399,Perfect
BN # Bengali,UR # Urdu,0.0007112026,B1
BN # Bengali,UR # Urdu,0.0011186004,B2
BN # Bengali,UR # Urdu,0.0005777478,C1
BN # Bengali,UR # Urdu,0.0003977418,C2
BN # Bengali,UR # Urdu,0.0005326271,Perfect
BN # Bengali,VI # Vietnamese,0.0017421246,B1
BN # Bengali,VI # Vietnamese,0.00087594986,B2
BN # Bengali,VI # Vietnamese,0.0008237362,C1
BN # Bengali,VI # Vietnamese,0.0005995035,C2
BN # Bengali,VI # Vietnamese,0.00084656477,Perfect
BN # Bengali,ZH # Mandarin,0.0010920763,B1
BN # Bengali,ZH # Mandarin,0.0007728934,B2
BN # Bengali,ZH # Mandarin,0.00076007843,C1
BN # Bengali,ZH # Mandarin,0.0005284548,C2
BN # Bengali,ZH # Mandarin,0.001440227,Perfect
DE # German,ES # Spanish,0.004937768,B1
DE # German,ES # Spanish,0.0018497705,B2
DE # German,ES # Spanish,0.00042951107,C1
DE # German,ES # Spanish,0.0007324219,C2
DE # German,ES # Spanish,0.002174735,Perfect
DE # German,FA # Persian,0.0038514733,B1
DE # German,FA # Persian,0.0026969314,B2
DE # German,FA # Persian,0.0003992319,C1
DE # German,FA # Persian,0.0014406443,C2
DE # German,FA # Persian,0.0023839474,Perfect
DE # German,FR # French,0.006154895,B1
DE # German,FR # French,0.0026860237,B2
DE # German,FR # French,0.00079905987,C1
DE # German,FR # French,0.00063478947,C2
DE # German,FR # French,0.0010928512,Perfect
DE # German,GA # Irish,0.0019229054,B1
DE # German,GA # Irish,0.002107799,B2
DE # German,GA # Irish,0.002996266,C1
DE # German,GA # Irish,0.0012369156,C2
DE # German,GA # Irish,0.00043779612,Perfect
DE # German,HE # Hebrew,0.0030151606,B1
DE # German,HE # Hebrew,0.0017735958,B2
DE # German,HE # Hebrew,0.0017402172,C1
DE # German,HE # Hebrew,0.0012614131,C2
DE # German,HE # Hebrew,0.0011767149,Perfect
DE # German,HI # Hindi,0.0036333203,B1
DE # German,HI # Hindi,0.0014951229,B2
DE # German,HI # Hindi,0.00066047907,C1
DE # German,HI # Hindi,0.0005944371,C2
DE # German,HI # Hindi,0.0014443398,Perfect
DE # German,IT # Italian,0.0029096007,B1
DE # German,IT # Italian,0.0021110773,B2
DE # German,IT # Italian,0.0004143119,C1
DE # German,IT # Italian,0.00036656857,C2
DE # German,IT # Italian,0.0011737943,Perfect
DE # German,JA # Japanese,0.0026389956,B1
DE # German,JA # Japanese,0.0029309392,B2
DE # German,JA # Japanese,0.0008690953,C1
DE # German,JA # Japanese,0.0006053448,C2
DE # German,JA # Japanese,0.0030024052,Perfect
DE # German,KO # Korean,0.0054289103,B1
DE # German,KO # Korean,0.0013641119,B2
DE # German,KO # Korean,0.00048458576,C1
DE # German,KO # Korean,0.0019370317,C2
DE # German,KO # Korean,0.0019416213,Perfect
DE # German,LV # Latvian,0.0030390024,B1
DE # German,LV # Latvian,0.0014961958,B2
DE # German,LV # Latvian,0.00078445673,C1
DE # German,LV # Latvian,0.0004016757,C2
DE # German,LV # Latvian,0.0015884042,Perfect
DE # German,PL # Polish,0.0045257807,B1
DE # German,PL # Polish,0.001532793,B2
DE # German,PL # Polish,0.00079369545,C1
DE # German,PL # Polish,0.00036597252,C2
DE # German,PL # Polish,0.00056779385,Perfect
DE # German,PS # Pashto,0.0028018355,B1
DE # German,PS # Pashto,0.0017929673,B2
DE # German,PS # Pashto,0.0006541014,C1
DE # German,PS # Pashto,0.00041365623,C2
DE # German,PS # Pashto,0.0009435415,Perfect
DE # German,PT # Portuguese,0.003082931,B1
DE # German,PT # Portuguese,0.0009903312,B2
DE # German,PT # Portuguese,0.0004170537,C1
DE # German,PT # Portuguese,0.00063073635,C2
DE # German,PT # Portuguese,0.0011214018,Perfect
DE # German,RU # Russian,0.0029819012,B1
DE # German,RU # Russian,0.0018907785,B2
DE # German,RU # Russian,0.0023890734,C1
DE # German,RU # Russian,0.00051414967,C2
DE # German,RU # Russian,0.0012888312,Perfect
DE # German,SQ # Albanian,0.004484892,B1
DE # German,SQ # Albanian,0.0016741157,B2
DE # German,SQ # Albanian,0.0007060766,C1
DE # German,SQ # Albanian,0.0007882714,C2
DE # German,SQ # Albanian,0.0017351508,Perfect
DE # German,SW # Swahili,0.0039516687,B1
DE # German,SW # Swahili,0.0017055869,B2
DE # German,SW # Swahili,0.00037533045,C1
DE # German,SW # Swahili,0.00077682734,C2
DE # German,SW # Swahili,0.0006995797,Perfect
DE # German,TH # Thai,0.0053212047,B1
DE # German,TH # Thai,0.0023337007,B2
DE # German,TH # Thai,0.0014728308,C1
DE # German,TH # Thai,0.00053685904,C2
DE # German,TH # Thai,0.0010092854,Perfect
DE # German,TR # Turkish,0.003146708,B1
DE # German,TR # Turkish,0.0024895072,B2
DE # German,TR # Turkish,0.0008665323,C1
DE # German,TR # Turkish,0.0006893873,C2
DE # German,TR # Turkish,0.0019548535,Perfect
DE # German,UR # Urdu,0.0040956736,B1
DE # German,UR # Urdu,0.0019182563,B2
DE # German,UR # Urdu,0.0005633831,C1
DE # German,UR # Urdu,0.00050133467,C2
DE # German,UR # Urdu,0.0013720393,Perfect
DE # German,VI # Vietnamese,0.005446255,B1
DE # German,VI # Vietnamese,0.0017662048,B2
DE # German,VI # Vietnamese,0.00061553717,C1
DE # German,VI # Vietnamese,0.0007163882,C2
DE # German,VI # Vietnamese,0.0023649335,Perfect
DE # German,ZH # Mandarin,0.0034153461,B1
DE # German,ZH # Mandarin,0.0016192794,B2
DE # German,ZH # Mandarin,0.00072544813,C1
DE # German,ZH # Mandarin,0.00029957294,C2
DE # German,ZH # Mandarin,0.001796782,Perfect
ES # Spanish,FA # Persian,0.002688408,B1
ES # Spanish,FA # Persian,0.001226604,B2
ES # Spanish,FA # Persian,0.00026667118,C1
ES # Spanish,FA # Persian,0.0007029176,C2
ES # Spanish,FA # Persian,0.001090765,Perfect
ES # Spanish,FR # French,0.0021694899,B1
ES # Spanish,FR # French,0.0020754933,B2
ES # Spanish,FR # French,0.0011293292,C1
ES # Spanish,FR # French,0.00038409233,C2
ES # Spanish,FR # French,0.0014179349,Perfect
ES # Spanish,GA # Irish,0.0050014853,B1
ES # Spanish,GA # Irish,0.0021771193,B2
ES # Spanish,GA # Irish,0.0035621524,C1
ES # Spanish,GA # Irish,0.0008253455,C2
ES # Spanish,GA # Irish,0.0015620589,Perfect
ES # Spanish,HE # Hebrew,0.0036101341,B1
ES # Spanish,HE # Hebrew,0.0017852783,B2
ES # Spanish,HE # Hebrew,0.002090335,C1
ES # Spanish,HE # Hebrew,0.0006155968,C2
ES # Spanish,HE # Hebrew,0.00091326237,Perfect
ES # Spanish,HI # Hindi,0.0027593374,B1
ES # Spanish,HI # Hindi,0.0014263391,B2
ES # Spanish,HI # Hindi,0.0007054806,C1
ES # Spanish,HI # Hindi,0.00052177906,C2
ES # Spanish,HI # Hindi,0.00073093176,Perfect
ES # Spanish,IT # Italian,0.0037517548,B1
ES # Spanish,IT # Italian,0.0012493134,B2
ES # Spanish,IT # Italian,0.00056374073,C1
ES # Spanish,IT # Italian,0.00077968836,C2
ES # Spanish,IT # Italian,0.0009665489,Perfect
ES # Spanish,JA # Japanese,0.0024161339,B1
ES # Spanish,JA # Japanese,0.0016252995,B2
ES # Spanish,JA # Japanese,0.0011987686,C1
ES # Spanish,JA # Japanese,0.0014938712,C2
ES # Spanish,JA # Japanese,0.0005272627,Perfect
ES # Spanish,KO # Korean,0.0033822656,B1
ES # Spanish,KO # Korean,0.0012438297,B2
ES # Spanish,KO # Korean,0.00045406818,C1
ES # Spanish,KO # Korean,0.000911057,C2
ES # Spanish,KO # Korean,0.00065398216,Perfect
ES # Spanish,LV # Latvian,0.0037217736,B1
ES # Spanish,LV # Latvian,0.0011685491,B2
ES # Spanish,LV # Latvian,0.0009795427,C1
ES # Spanish,LV # Latvian,0.0005669594,C2
ES # Spanish,LV # Latvian,0.0011324883,Perfect
ES # Spanish,PL # Polish,0.0016027689,B1
ES # Spanish,PL # Polish,0.0010741949,B2
ES # Spanish,PL # Polish,0.000978291,C1
ES # Spanish,PL # Polish,0.0009136796,C2
ES # Spanish,PL # Polish,0.002462864,Perfect
ES # Spanish,PS # Pashto,0.0040607452,B1
ES # Spanish,PS # Pashto,0.0013512969,B2
ES # Spanish,PS # Pashto,0.0006942749,C1
ES # Spanish,PS # Pashto,0.00082844496,C2
ES # Spanish,PS # Pashto,0.0018463731,Perfect
ES # Spanish,PT # Portuguese,0.005097449,B1
ES # Spanish,PT # Portuguese,0.0009741187,B2
ES # Spanish,PT # Portuguese,0.00055760145,C1
ES # Spanish,PT # Portuguese,0.0016078949,C2
ES # Spanish,PT # Portuguese,0.0009867549,Perfect
ES # Spanish,RU # Russian,0.00418067,B1
ES # Spanish,RU # Russian,0.0012831688,B2
ES # Spanish,RU # Russian,0.002487719,C1
ES # Spanish,RU # Russian,0.00043731928,C2
ES # Spanish,RU # Russian,0.00056511164,Perfect
ES # Spanish,SQ # Albanian,0.0018022656,B1
ES # Spanish,SQ # Albanian,0.0009806752,B2
ES # Spanish,SQ # Albanian,0.00046938658,C1
ES # Spanish,SQ # Albanian,0.0014556646,C2
ES # Spanish,SQ # Albanian,0.00052011013,Perfect
ES # Spanish,SW # Swahili,0.0014584064,B1
ES # Spanish,SW # Swahili,0.0009186864,B2
ES # Spanish,SW # Swahili,0.000433743,C1
ES # Spanish,SW # Swahili,0.000936985,C2
ES # Spanish,SW # Swahili,0.0019327402,Perfect
ES # Spanish,TH # Thai,0.0073494315,B1
ES # Spanish,TH # Thai,0.0012239218,B2
ES # Spanish,TH # Thai,0.00193578,C1
ES # Spanish,TH # Thai,0.0010259151,C2
ES # Spanish,TH # Thai,0.0016064048,Perfect
ES # Spanish,TR # Turkish,0.003939569,B1
ES # Spanish,TR # Turkish,0.0009262562,B2
ES # Spanish,TR # Turkish,0.00058186054,C1
ES # Spanish,TR # Turkish,0.00119102,C2
ES # Spanish,TR # Turkish,0.0006599426,Perfect
ES # Spanish,UR # Urdu,0.0018054247,B1
ES # Spanish,UR # Urdu,0.0013979077,B2
ES # Spanish,UR # Urdu,0.00057566166,C1
ES # Spanish,UR # Urdu,0.0012934208,C2
ES # Spanish,UR # Urdu,0.00080913305,Perfect
ES # Spanish,VI # Vietnamese,0.002557516,B1
ES # Spanish,VI # Vietnamese,0.0007632375,B2
ES # Spanish,VI # Vietnamese,0.00065273046,C1
ES # Spanish,VI # Vietnamese,0.0013634562,C2
ES # Spanish,VI # Vietnamese,0.00037783384,Perfect
ES # Spanish,ZH # Mandarin,0.0013250709,B1
ES # Spanish,ZH # Mandarin,0.001149714,B2
ES # Spanish,ZH # Mandarin,0.0005503893,C1
ES # Spanish,ZH # Mandarin,0.0007804632,C2
ES # Spanish,ZH # Mandarin,0.0010596514,Perfect
FA # Persian,FR # French,0.0032218099,B1
FA # Persian,FR # French,0.002584219,B2
FA # Persian,FR # French,0.0008009672,C1
FA # Persian,FR # French,0.0011378527,C2
FA # Persian,FR # French,0.001334548,Perfect
FA # Persian,GA # Irish,0.0028495789,B1
FA # Persian,GA # Irish,0.003395319,B2
FA # Persian,GA # Irish,0.002995491,C1
FA # Persian,GA # Irish,0.00067442656,C2
FA # Persian,GA # Irish,0.0021626353,Perfect
FA # Persian,HE # Hebrew,0.0019363761,B1
FA # Persian,HE # Hebrew,0.0024427772,B2
FA # Persian,HE # Hebrew,0.0017443299,C1
FA # Persian,HE # Hebrew,0.0007901788,C2
FA # Persian,HE # Hebrew,0.0015122294,Perfect
FA # Persian,HI # Hindi,0.0017845631,B1
FA # Persian,HI # Hindi,0.0021243691,B2
FA # Persian,HI # Hindi,0.000590384,C1
FA # Persian,HI # Hindi,0.0006018877,C2
FA # Persian,HI # Hindi,0.0014989376,Perfect
FA # Persian,IT # Italian,0.0020763278,B1
FA # Persian,IT # Italian,0.0023985505,B2
FA # Persian,IT # Italian,0.00045526028,C1
FA # Persian,IT # Italian,0.0014508963,C2
FA # Persian,IT # Italian,0.0012387633,Perfect
FA # Persian,JA # Japanese,0.0021836758,B1
FA # Persian,JA # Japanese,0.0013988018,B2
FA # Persian,JA # Japanese,0.0010849833,C1
FA # Persian,JA # Japanese,0.0022108555,C2
FA # Persian,JA # Japanese,0.0007536411,Perfect
FA # Persian,KO # Korean,0.0023744106,B1
FA # Persian,KO # Korean,0.0013979673,B2
FA # Persian,KO # Korean,0.00043553114,C1
FA # Persian,KO # Korean,0.0006465912,C2
FA # Persian,KO # Korean,0.000572443,Perfect
FA # Persian,LV # Latvian,0.0019152164,B1
FA # Persian,LV # Latvian,0.0013051033,B2
FA # Persian,LV # Latvian,0.0007112622,C1
FA # Persian,LV # Latvian,0.0013879538,C2
FA # Persian,LV # Latvian,0.0007070899,Perfect
FA # Persian,PL # Polish,0.0017434359,B1
FA # Persian,PL # Polish,0.00089269876,B2
FA # Persian,PL # Polish,0.00070148706,C1
FA # Persian,PL # Polish,0.0016982555,C2
FA # Persian,PL # Polish,0.0026094317,Perfect
FA # Persian,PS # Pashto,0.0018661022,B1
FA # Persian,PS # Pashto,0.0008444786,B2
FA # Persian,PS # Pashto,0.00046014786,C1
FA # Persian,PS # Pashto,0.0012520552,C2
FA # Persian,PS # Pashto,0.0018051267,Perfect
FA # Persian,PT # Portuguese,0.0031671524,B1
FA # Persian,PT # Portuguese,0.0014385581,B2
FA # Persian,PT # Portuguese,0.00037801266,C1
FA # Persian,PT # Portuguese,0.0021474957,C2
FA # Persian,PT # Portuguese,0.0012333393,Perfect
FA # Persian,RU # Russian,0.002583146,B1
FA # Persian,RU # Russian,0.0014148355,B2
FA # Persian,RU # Russian,0.00210315,C1
FA # Persian,RU # Russian,0.0008521676,C2
FA # Persian,RU # Russian,0.0015289783,Perfect
FA # Persian,SQ # Albanian,0.0018301606,B1
FA # Persian,SQ # Albanian,0.0010722876,B2
FA # Persian,SQ # Albanian,0.0004066825,C1
FA # Persian,SQ # Albanian,0.0019341111,C2
FA # Persian,SQ # Albanian,0.0011071563,Perfect
FA # Persian,SW # Swahili,0.0010159016,B1
FA # Persian,SW # Swahili,0.0015158653,B2
FA # Persian,SW # Swahili,0.00043213367,C1
FA # Persian,SW # Swahili,0.00090932846,C2
FA # Persian,SW # Swahili,0.0022817254,Perfect
FA # Persian,TH # Thai,0.0040991902,B1
FA # Persian,TH # Thai,0.0010716319,B2
FA # Persian,TH # Thai,0.00157094,C1
FA # Persian,TH # Thai,0.0014240146,C2
FA # Persian,TH # Thai,0.0017267466,Perfect
FA # Persian,TR # Turkish,0.002034843,B1
FA # Persian,TR # Turkish,0.0011583567,B2
FA # Persian,TR # Turkish,0.0005610585,C1
FA # Persian,TR # Turkish,0.0018003583,C2
FA # Persian,TR # Turkish,0.0009096861,Perfect
FA # Persian,UR # Urdu,0.0013208389,B1
FA # Persian,UR # Urdu,0.0010892749,B2
FA # Persian,UR # Urdu,0.00050854683,C1
FA # Persian,UR # Urdu,0.0017637014,C2
FA # Persian,UR # Urdu,0.0009662509,Perfect
FA # Persian,VI # Vietnamese,0.0016604066,B1
FA # Persian,VI # Vietnamese,0.00059360266,B2
FA # Persian,VI # Vietnamese,0.00039482117,C1
FA # Persian,VI # Vietnamese,0.0019865036,C2
FA # Persian,VI # Vietnamese,0.0009768009,Perfect
FA # Persian,ZH # Mandarin,0.0013473034,B1
FA # Persian,ZH # Mandarin,0.0011436939,B2
FA # Persian,ZH # Mandarin,0.00040996075,C1
FA # Persian,ZH # Mandarin,0.0011720061,C2
FA # Persian,ZH # Mandarin,0.0013511181,Perfect
FR # French,GA # Irish,0.0068472624,B1
FR # French,GA # Irish,0.001994133,B2
FR # French,GA # Irish,0.0019788742,C1
FR # French,GA # Irish,0.0010012388,C2
FR # French,GA # Irish,0.00098598,Perfect
FR # French,HE # Hebrew,0.006031871,B1
FR # French,HE # Hebrew,0.000857234,B2
FR # French,HE # Hebrew,0.0014946461,C1
FR # French,HE # Hebrew,0.0007494688,C2
FR # French,HE # Hebrew,0.00068098307,Perfect
FR # French,HI # Hindi,0.0052444935,B1
FR # French,HI # Hindi,0.0017690659,B2
FR # French,HI # Hindi,0.0011172891,C1
FR # French,HI # Hindi,0.0006428957,C2
FR # French,HI # Hindi,0.0009931326,Perfect
FR # French,IT # Italian,0.006169498,B1
FR # French,IT # Italian,0.000674963,B2
FR # French,IT # Italian,0.0008946657,C1
FR # French,IT # Italian,0.0008068085,C2
FR # French,IT # Italian,0.0005213618,Perfect
FR # French,JA # Japanese,0.004105389,B1
FR # French,JA # Japanese,0.003208518,B2
FR # French,JA # Japanese,0.00068485737,C1
FR # French,JA # Japanese,0.001182437,C2
FR # French,JA # Japanese,0.0020613074,Perfect
FR # French,KO # Korean,0.0051341653,B1
FR # French,KO # Korean,0.0015960336,B2
FR # French,KO # Korean,0.0010213852,C1
FR # French,KO # Korean,0.0012071729,C2
FR # French,KO # Korean,0.001139164,Perfect
FR # French,LV # Latvian,0.005619824,B1
FR # French,LV # Latvian,0.003219366,B2
FR # French,LV # Latvian,0.0006750822,C1
FR # French,LV # Latvian,0.00064730644,C2
FR # French,LV # Latvian,0.0003851652,Perfect
FR # French,PL # Polish,0.0032523274,B1
FR # French,PL # Polish,0.0025922656,B2
FR # French,PL # Polish,0.000729084,C1
FR # French,PL # Polish,0.0008966923,C2
FR # French,PL # Polish,0.0010290146,Perfect
FR # French,PS # Pashto,0.0059224963,B1
FR # French,PS # Pashto,0.0019768476,B2
FR # French,PS # Pashto,0.0006367564,C1
FR # French,PS # Pashto,0.0010352135,C2
FR # French,PS # Pashto,0.00054347515,Perfect
FR # French,PT # Portuguese,0.0050984025,B1
FR # French,PT # Portuguese,0.0018423796,B2
FR # French,PT # Portuguese,0.00074130297,C1
FR # French,PT # Portuguese,0.0014995337,C2
FR # French,PT # Portuguese,0.0006759167,Perfect
FR # French,RU # Russian,0.006531954,B1
FR # French,RU # Russian,0.0007932186,B2
FR # French,RU # Russian,0.0015484095,C1
FR # French,RU # Russian,0.0006880164,C2
FR # French,RU # Russian,0.0009728074,Perfect
FR # French,SQ # Albanian,0.0034102201,B1
FR # French,SQ # Albanian,0.001447022,B2
FR # French,SQ # Albanian,0.0014508367,C1
FR # French,SQ # Albanian,0.0015606284,C2
FR # French,SQ # Albanian,0.0009936094,Perfect
FR # French,SW # Swahili,0.0026314259,B1
FR # French,SW # Swahili,0.0017843246,B2
FR # French,SW # Swahili,0.0010015368,C1
FR # French,SW # Swahili,0.001110673,C2
FR # French,SW # Swahili,0.0007350445,Perfect
FR # French,TH # Thai,0.009787202,B1
FR # French,TH # Thai,0.001395762,B2
FR # French,TH # Thai,0.0009485483,C1
FR # French,TH # Thai,0.0010079741,C2
FR # French,TH # Thai,0.0005585551,Perfect
FR # French,TR # Turkish,0.006313443,B1
FR # French,TR # Turkish,0.002776742,B2
FR # French,TR # Turkish,0.0012393594,C1
FR # French,TR # Turkish,0.0013030171,C2
FR # French,TR # Turkish,0.001127243,Perfect
FR # French,UR # Urdu,0.0016790628,B1
FR # French,UR # Urdu,0.0021128058,B2
FR # French,UR # Urdu,0.0014744401,C1
FR # French,UR # Urdu,0.0013993382,C2
FR # French,UR # Urdu,0.0007413626,Perfect
FR # French,VI # Vietnamese,0.0037156343,B1
FR # French,VI # Vietnamese,0.002304554,B2
FR # French,VI # Vietnamese,0.0010870695,C1
FR # French,VI # Vietnamese,0.0011817813,C2
FR # French,VI # Vietnamese,0.0014229417,Perfect
FR # French,ZH # Mandarin,0.0025740266,B1
FR # French,ZH # Mandarin,0.002619803,B2
FR # French,ZH # Mandarin,0.0011463761,C1
FR # French,ZH # Mandarin,0.00078064203,C2
FR # French,ZH # Mandarin,0.001080513,Perfect
GA # Irish,HE # Hebrew,0.0019623637,B1
GA # Irish,HE # Hebrew,0.0011172295,B2
GA # Irish,HE # Hebrew,0.0012828112,C1
GA # Irish,HE # Hebrew,0.0005980134,C2
GA # Irish,HE # Hebrew,0.0008633137,Perfect
GA # Irish,HI # Hindi,0.002779007,B1
GA # Irish,HI # Hindi,0.0009787679,B2
GA # Irish,HI # Hindi,0.0034717917,C1
GA # Irish,HI # Hindi,0.0005668998,C2
GA # Irish,HI # Hindi,0.00097101927,Perfect
GA # Irish,IT # Italian,0.0021198392,B1
GA # Irish,IT # Italian,0.0017712712,B2
GA # Irish,IT # Italian,0.0023056865,C1
GA # Irish,IT # Italian,0.0011991262,C2
GA # Irish,IT # Italian,0.00096541643,Perfect
GA # Irish,JA # Japanese,0.0019339323,B1
GA # Irish,JA # Japanese,0.003914118,B2
GA # Irish,JA # Japanese,0.0017789006,C1
GA # Irish,JA # Japanese,0.0025269985,C2
GA # Irish,JA # Japanese,0.002538085,Perfect
GA # Irish,KO # Korean,0.0034723282,B1
GA # Irish,KO # Korean,0.0014313459,B2
GA # Irish,KO # Korean,0.003594339,C1
GA # Irish,KO # Korean,0.0011612177,C2
GA # Irish,KO # Korean,0.0016118884,Perfect
GA # Irish,LV # Latvian,0.0020270348,B1
GA # Irish,LV # Latvian,0.0031891465,B2
GA # Irish,LV # Latvian,0.001850903,C1
GA # Irish,LV # Latvian,0.0014181137,C2
GA # Irish,LV # Latvian,0.0013666749,Perfect
GA # Irish,PL # Polish,0.0032762885,B1
GA # Irish,PL # Polish,0.0028820038,B2
GA # Irish,PL # Polish,0.0024142265,C1
GA # Irish,PL # Polish,0.0017312765,C2
GA # Irish,PL # Polish,0.00059247017,Perfect
GA # Irish,PS # Pashto,0.0015347004,B1
GA # Irish,PS # Pashto,0.0024888515,B2
GA # Irish,PS # Pashto,0.0022696257,C1
GA # Irish,PS # Pashto,0.001429081,C2
GA # Irish,PS # Pashto,0.0008479357,Perfect
GA # Irish,PT # Portuguese,0.0025359392,B1
GA # Irish,PT # Portuguese,0.0016739368,B2
GA # Irish,PT # Portuguese,0.0028583407,C1
GA # Irish,PT # Portuguese,0.0025532246,C2
GA # Irish,PT # Portuguese,0.0010262728,Perfect
GA # Irish,RU # Russian,0.0028505325,B1
GA # Irish,RU # Russian,0.0014891624,B2
GA # Irish,RU # Russian,0.002012074,C1
GA # Irish,RU # Russian,0.0009932518,C2
GA # Irish,RU # Russian,0.0010892153,Perfect
GA # Irish,SQ # Albanian,0.002979219,B1
GA # Irish,SQ # Albanian,0.002013445,B2
GA # Irish,SQ # Albanian,0.00397408,C1
GA # Irish,SQ # Albanian,0.0024026632,C2
GA # Irish,SQ # Albanian,0.0012831688,Perfect
GA # Irish,SW # Swahili,0.0039236546,B1
GA # Irish,SW # Swahili,0.0024871826,B2
GA # Irish,SW # Swahili,0.0034597516,C1
GA # Irish,SW # Swahili,0.00063735247,C2
GA # Irish,SW # Swahili,0.0007288456,Perfect
GA # Irish,TH # Thai,0.0035629272,B1
GA # Irish,TH # Thai,0.0018776655,B2
GA # Irish,TH # Thai,0.001784265,C1
GA # Irish,TH # Thai,0.0018852949,C2
GA # Irish,TH # Thai,0.00094509125,Perfect
GA # Irish,TR # Turkish,0.0019096136,B1
GA # Irish,TR # Turkish,0.002426207,B2
GA # Irish,TR # Turkish,0.0034771562,C1
GA # Irish,TR # Turkish,0.0021277666,C2
GA # Irish,TR # Turkish,0.0012798309,Perfect
GA # Irish,UR # Urdu,0.0043512583,B1
GA # Irish,UR # Urdu,0.0022745132,B2
GA # Irish,UR # Urdu,0.0036666393,C1
GA # Irish,UR # Urdu,0.0017180443,C2
GA # Irish,UR # Urdu,0.0009522438,Perfect
GA # Irish,VI # Vietnamese,0.0037993193,B1
GA # Irish,VI # Vietnamese,0.0025217533,B2
GA # Irish,VI # Vietnamese,0.0029320717,C1
GA # Irish,VI # Vietnamese,0.002444148,C2
GA # Irish,VI # Vietnamese,0.0019083023,Perfect
GA # Irish,ZH # Mandarin,0.002628684,B1
GA # Irish,ZH # Mandarin,0.0027739406,B2
GA # Irish,ZH # Mandarin,0.0036206841,C1
GA # Irish,ZH # Mandarin,0.0010823607,C2
GA # Irish,ZH # Mandarin,0.0012865663,Perfect
HE # Hebrew,HI # Hindi,0.0008324981,B1
HE # Hebrew,HI # Hindi,0.0012192726,B2
HE # Hebrew,HI # Hindi,0.0015701056,C1
HE # Hebrew,HI # Hindi,0.0008639097,C2
HE # Hebrew,HI # Hindi,0.00042933226,Perfect
HE # Hebrew,IT # Italian,0.0005033612,B1
HE # Hebrew,IT # Italian,0.00088506937,B2
HE # Hebrew,IT # Italian,0.0013797879,C1
HE # Hebrew,IT # Italian,0.0014911294,C2
HE # Hebrew,IT # Italian,0.00022292137,Perfect
HE # Hebrew,JA # Japanese,0.0013523102,B1
HE # Hebrew,JA # Japanese,0.0030936599,B2
HE # Hebrew,JA # Japanese,0.0015032291,C1
HE # Hebrew,JA # Japanese,0.0024350882,C2
HE # Hebrew,JA # Japanese,0.0014933944,Perfect
HE # Hebrew,KO # Korean,0.0014104843,B1
HE # Hebrew,KO # Korean,0.00087183714,B2
HE # Hebrew,KO # Korean,0.002316773,C1
HE # Hebrew,KO # Korean,0.0006402731,C2
HE # Hebrew,KO # Korean,0.0009918809,Perfect
HE # Hebrew,LV # Latvian,0.00058329105,B1
HE # Hebrew,LV # Latvian,0.0024613142,B2
HE # Hebrew,LV # Latvian,0.0011130571,C1
HE # Hebrew,LV # Latvian,0.0012967587,C2
HE # Hebrew,LV # Latvian,0.00078338385,Perfect
HE # Hebrew,PL # Polish,0.0018784404,B1
HE # Hebrew,PL # Polish,0.002073586,B2
HE # Hebrew,PL # Polish,0.0013076067,C1
HE # Hebrew,PL # Polish,0.0018129349,C2
HE # Hebrew,PL # Polish,0.0011256337,Perfect
HE # Hebrew,PS # Pashto,0.0007710457,B1
HE # Hebrew,PS # Pashto,0.0017830133,B2
HE # Hebrew,PS # Pashto,0.0013449788,C1
HE # Hebrew,PS # Pashto,0.0015072227,C2
HE # Hebrew,PS # Pashto,0.00073444843,Perfect
HE # Hebrew,PT # Portuguese,0.0028606653,B1
HE # Hebrew,PT # Portuguese,0.0009224415,B2
HE # Hebrew,PT # Portuguese,0.001640439,C1
HE # Hebrew,PT # Portuguese,0.002630055,C2
HE # Hebrew,PT # Portuguese,0.000351429,Perfect
HE # Hebrew,RU # Russian,0.0009765029,B1
HE # Hebrew,RU # Russian,0.0009545088,B2
HE # Hebrew,RU # Russian,0.0016514063,C1
HE # Hebrew,RU # Russian,0.00081545115,C2
HE # Hebrew,RU # Russian,0.0006227493,Perfect
HE # Hebrew,SQ # Albanian,0.0014488101,B1
HE # Hebrew,SQ # Albanian,0.0013786554,B2
HE # Hebrew,SQ # Albanian,0.0023781657,C1
HE # Hebrew,SQ # Albanian,0.002328515,C2
HE # Hebrew,SQ # Albanian,0.0004068017,Perfect
HE # Hebrew,SW # Swahili,0.0023576021,B1
HE # Hebrew,SW # Swahili,0.0011588335,B2
HE # Hebrew,SW # Swahili,0.002106607,C1
HE # Hebrew,SW # Swahili,0.00096422434,C2
HE # Hebrew,SW # Swahili,0.00064373016,Perfect
HE # Hebrew,TH # Thai,0.0017815828,B1
HE # Hebrew,TH # Thai,0.0015164614,B2
HE # Hebrew,TH # Thai,0.0013614893,C1
HE # Hebrew,TH # Thai,0.00186342,C2
HE # Hebrew,TH # Thai,0.00046038628,Perfect
HE # Hebrew,TR # Turkish,0.00063592196,B1
HE # Hebrew,TR # Turkish,0.0025484562,B2
HE # Hebrew,TR # Turkish,0.0021084547,C1
HE # Hebrew,TR # Turkish,0.0021582842,C2
HE # Hebrew,TR # Turkish,0.0006802082,Perfect
HE # Hebrew,UR # Urdu,0.0032688975,B1
HE # Hebrew,UR # Urdu,0.0016885996,B2
HE # Hebrew,UR # Urdu,0.0022404194,C1
HE # Hebrew,UR # Urdu,0.001891017,C2
HE # Hebrew,UR # Urdu,0.0004607439,Perfect
HE # Hebrew,VI # Vietnamese,0.0017595291,B1
HE # Hebrew,VI # Vietnamese,0.0017499328,B2
HE # Hebrew,VI # Vietnamese,0.0014335513,C1
HE # Hebrew,VI # Vietnamese,0.002354741,C2
HE # Hebrew,VI # Vietnamese,0.0009912848,Perfect
HE # Hebrew,ZH # Mandarin,0.0017517805,B1
HE # Hebrew,ZH # Mandarin,0.0018843412,B2
HE # Hebrew,ZH # Mandarin,0.0019161105,C1
HE # Hebrew,ZH # Mandarin,0.0012745261,C2
HE # Hebrew,ZH # Mandarin,0.0010840297,Perfect
HI # Hindi,IT # Italian,0.0011502504,B1
HI # Hindi,IT # Italian,0.0017399192,B2
HI # Hindi,IT # Italian,0.0008597374,C1
HI # Hindi,IT # Italian,0.000664711,C2
HI # Hindi,IT # Italian,0.0006608367,Perfect
HI # Hindi,JA # Japanese,0.0009782314,B1
HI # Hindi,JA # Japanese,0.002665639,B2
HI # Hindi,JA # Japanese,0.0013077855,C1
HI # Hindi,JA # Japanese,0.0011770725,C2
HI # Hindi,JA # Japanese,0.0014996529,Perfect
HI # Hindi,KO # Korean,0.0015651584,B1
HI # Hindi,KO # Korean,0.0010684729,B2
HI # Hindi,KO # Korean,0.0008337498,C1
HI # Hindi,KO # Korean,0.0011556149,C2
HI # Hindi,KO # Korean,0.0011149049,Perfect
HI # Hindi,LV # Latvian,0.0014139414,B1
HI # Hindi,LV # Latvian,0.0021833181,B2
HI # Hindi,LV # Latvian,0.001136899,C1
HI # Hindi,LV # Latvian,0.00069892406,C2
HI # Hindi,LV # Latvian,0.0009058714,Perfect
HI # Hindi,PL # Polish,0.0014488697,B1
HI # Hindi,PL # Polish,0.0019581318,B2
HI # Hindi,PL # Polish,0.0006420016,C1
HI # Hindi,PL # Polish,0.0007355213,C2
HI # Hindi,PL # Polish,0.001360178,Perfect
HI # Hindi,PS # Pashto,0.0013821125,B1
HI # Hindi,PS # Pashto,0.001563549,B2
HI # Hindi,PS # Pashto,0.0008198619,C1
HI # Hindi,PS # Pashto,0.0006251335,C2
HI # Hindi,PS # Pashto,0.0010898113,Perfect
HI # Hindi,PT # Portuguese,0.00402689,B1
HI # Hindi,PT # Portuguese,0.0010572672,B2
HI # Hindi,PT # Portuguese,0.0006376505,C1
HI # Hindi,PT # Portuguese,0.0012530684,C2
HI # Hindi,PT # Portuguese,0.000646472,Perfect
HI # Hindi,RU # Russian,0.0012803674,B1
HI # Hindi,RU # Russian,0.0010339022,B2
HI # Hindi,RU # Russian,0.0024267435,C1
HI # Hindi,RU # Russian,0.00057685375,C2
HI # Hindi,RU # Russian,0.00084757805,Perfect
HI # Hindi,SQ # Albanian,0.0011003613,B1
HI # Hindi,SQ # Albanian,0.0013139248,B2
HI # Hindi,SQ # Albanian,0.0008096099,C1
HI # Hindi,SQ # Albanian,0.0012106299,C2
HI # Hindi,SQ # Albanian,0.0006636977,Perfect
HI # Hindi,SW # Swahili,0.0014396906,B1
HI # Hindi,SW # Swahili,0.0020492673,B2
HI # Hindi,SW # Swahili,0.0007906556,C1
HI # Hindi,SW # Swahili,0.000644207,C2
HI # Hindi,SW # Swahili,0.0010406971,Perfect
HI # Hindi,TH # Thai,0.0028823018,B1
HI # Hindi,TH # Thai,0.0013471246,B2
HI # Hindi,TH # Thai,0.0017365813,C1
HI # Hindi,TH # Thai,0.0007651448,C2
HI # Hindi,TH # Thai,0.0007366538,Perfect
HI # Hindi,TR # Turkish,0.001506567,B1
HI # Hindi,TR # Turkish,0.0014208555,B2
HI # Hindi,TR # Turkish,0.0009509921,C1
HI # Hindi,TR # Turkish,0.0010340214,C2
HI # Hindi,TR # Turkish,0.0006070137,Perfect
HI # Hindi,UR # Urdu,0.0025630593,B1
HI # Hindi,UR # Urdu,0.0014217496,B2
HI # Hindi,UR # Urdu,0.0007042289,C1
HI # Hindi,UR # Urdu,0.00082814693,C2
HI # Hindi,UR # Urdu,0.00059604645,Perfect
HI # Hindi,VI # Vietnamese,0.0012911558,B1
HI # Hindi,VI # Vietnamese,0.0015783906,B2
HI # Hindi,VI # Vietnamese,0.0008853674,C1
HI # Hindi,VI # Vietnamese,0.0011370182,C2
HI # Hindi,VI # Vietnamese,0.0010953546,Perfect
HI # Hindi,ZH # Mandarin,0.0016463399,B1
HI # Hindi,ZH # Mandarin,0.0018152595,B2
HI # Hindi,ZH # Mandarin,0.00037807226,C1
HI # Hindi,ZH # Mandarin,0.00049620867,C2
HI # Hindi,ZH # Mandarin,0.00078082085,Perfect
IT # Italian,JA # Japanese,0.0013141632,B1
IT # Italian,JA # Japanese,0.002323866,B2
IT # Italian,JA # Japanese,0.0006456375,C1
IT # Italian,JA # Japanese,0.00079387426,C2
IT # Italian,JA # Japanese,0.0014234781,Perfect
IT # Italian,KO # Korean,0.0015118122,B1
IT # Italian,KO # Korean,0.0015046597,B2
IT # Italian,KO # Korean,0.0006428957,C1
IT # Italian,KO # Korean,0.002290845,C2
IT # Italian,KO # Korean,0.00087559223,Perfect
IT # Italian,LV # Latvian,0.0006160736,B1
IT # Italian,LV # Latvian,0.0019636154,B2
IT # Italian,LV # Latvian,0.00043928623,C1
IT # Italian,LV # Latvian,0.000467062,C2
IT # Italian,LV # Latvian,0.00064510107,Perfect
IT # Italian,PL # Polish,0.0023357272,B1
IT # Italian,PL # Polish,0.0018852949,B2
IT # Italian,PL # Polish,0.00078189373,C1
IT # Italian,PL # Polish,0.0004030466,C2
IT # Italian,PL # Polish,0.0011149645,Perfect
IT # Italian,PS # Pashto,0.0007287264,B1
IT # Italian,PS # Pashto,0.0018616915,B2
IT # Italian,PS # Pashto,0.00049602985,C1
IT # Italian,PS # Pashto,0.00051027536,C2
IT # Italian,PS # Pashto,0.0005978346,Perfect
IT # Italian,PT # Portuguese,0.0019788742,B1
IT # Italian,PT # Portuguese,0.0013691187,B2
IT # Italian,PT # Portuguese,0.00064206123,C1
IT # Italian,PT # Portuguese,0.0008459687,C2
IT # Italian,PT # Portuguese,0.00024724007,Perfect
IT # Italian,RU # Russian,0.0012460351,B1
IT # Italian,RU # Russian,0.0012214184,B2
IT # Italian,RU # Russian,0.0019074678,C1
IT # Italian,RU # Russian,0.0007110834,C2
IT # Italian,RU # Russian,0.00065618753,Perfect
IT # Italian,SQ # Albanian,0.0021610856,B1
IT # Italian,SQ # Albanian,0.0012912154,B2
IT # Italian,SQ # Albanian,0.0007917285,C1
IT # Italian,SQ # Albanian,0.00092196465,C2
IT # Italian,SQ # Albanian,0.00038522482,Perfect
IT # Italian,SW # Swahili,0.0026068687,B1
IT # Italian,SW # Swahili,0.0011248589,B2
IT # Italian,SW # Swahili,0.00048041344,C1
IT # Italian,SW # Swahili,0.000690639,C2
IT # Italian,SW # Swahili,0.0006477833,Perfect
IT # Italian,TH # Thai,0.0018654466,B1
IT # Italian,TH # Thai,0.0015031099,B2
IT # Italian,TH # Thai,0.0010914207,C1
IT # Italian,TH # Thai,0.0007587075,C2
IT # Italian,TH # Thai,0.00040972233,Perfect
IT # Italian,TR # Turkish,0.00058221817,B1
IT # Italian,TR # Turkish,0.002321303,B2
IT # Italian,TR # Turkish,0.0008712411,C1
IT # Italian,TR # Turkish,0.0007264614,C2
IT # Italian,TR # Turkish,0.0007953644,Perfect
IT # Italian,UR # Urdu,0.003225565,B1
IT # Italian,UR # Urdu,0.0020911098,B2
IT # Italian,UR # Urdu,0.0007902384,C1
IT # Italian,UR # Urdu,0.0005071759,C2
IT # Italian,UR # Urdu,0.0004567504,Perfect
IT # Italian,VI # Vietnamese,0.0019040704,B1
IT # Italian,VI # Vietnamese,0.0016489625,B2
IT # Italian,VI # Vietnamese,0.0005337,C1
IT # Italian,VI # Vietnamese,0.0009775758,C2
IT # Italian,VI # Vietnamese,0.00096166134,Perfect
IT # Italian,ZH # Mandarin,0.002114594,B1
IT # Italian,ZH # Mandarin,0.0020375848,B2
IT # Italian,ZH # Mandarin,0.00084269047,C1
IT # Italian,ZH # Mandarin,0.00040268898,C2
IT # Italian,ZH # Mandarin,0.0010841489,Perfect
JA # Japanese,KO # Korean,0.0014213324,B1
JA # Japanese,KO # Korean,0.0021129847,B2
JA # Japanese,KO # Korean,0.000981152,C1
JA # Japanese,KO # Korean,0.0028722882,C2
JA # Japanese,KO # Korean,0.00059461594,Perfect
JA # Japanese,LV # Latvian,0.0012741089,B1
JA # Japanese,LV # Latvian,0.0011936426,B2
JA # Japanese,LV # Latvian,0.000780344,C1
JA # Japanese,LV # Latvian,0.0006226897,C2
JA # Japanese,LV # Latvian,0.0014436245,Perfect
JA # Japanese,PL # Polish,0.0010892749,B1
JA # Japanese,PL # Polish,0.0010302067,B2
JA # Japanese,PL # Polish,0.0011369586,C1
JA # Japanese,PL # Polish,0.0004015565,C2
JA # Japanese,PL # Polish,0.0035179853,Perfect
JA # Japanese,PS # Pashto,0.0012775064,B1
JA # Japanese,PS # Pashto,0.0012583733,B2
JA # Japanese,PS # Pashto,0.00092947483,C1
JA # Japanese,PS # Pashto,0.00065743923,C2
JA # Japanese,PS # Pashto,0.0025939345,Perfect
JA # Japanese,PT # Portuguese,0.0026362538,B1
JA # Japanese,PT # Portuguese,0.0015227795,B2
JA # Japanese,PT # Portuguese,0.0010368824,C1
JA # Japanese,PT # Portuguese,0.00028336048,C2
JA # Japanese,PT # Portuguese,0.0013267398,Perfect
JA # Japanese,RU # Russian,0.0016360879,B1
JA # Japanese,RU # Russian,0.0024291873,B2
JA # Japanese,RU # Russian,0.0015833378,C1
JA # Japanese,RU # Russian,0.0011811256,C2
JA # Japanese,RU # Russian,0.0010703206,Perfect
JA # Japanese,SQ # Albanian,0.0010945797,B1
JA # Japanese,SQ # Albanian,0.0013005137,B2
JA # Japanese,SQ # Albanian,0.0017238855,C1
JA # Japanese,SQ # Albanian,0.00043213367,C2
JA # Japanese,SQ # Albanian,0.00086057186,Perfect
JA # Japanese,SW # Swahili,0.0020840764,B1
JA # Japanese,SW # Swahili,0.0016384125,B2
JA # Japanese,SW # Swahili,0.0010232925,C1
JA # Japanese,SW # Swahili,0.0016630292,C2
JA # Japanese,SW # Swahili,0.0028366446,Perfect
JA # Japanese,TH # Thai,0.002931118,B1
JA # Japanese,TH # Thai,0.001576066,B2
JA # Japanese,TH # Thai,0.0007212162,C1
JA # Japanese,TH # Thai,0.0004400015,C2
JA # Japanese,TH # Thai,0.0022071004,Perfect
JA # Japanese,TR # Turkish,0.001470387,B1
JA # Japanese,TR # Turkish,0.0015410781,B2
JA # Japanese,TR # Turkish,0.0012865067,C1
JA # Japanese,TR # Turkish,0.00047659874,C2
JA # Japanese,TR # Turkish,0.0010118484,Perfect
JA # Japanese,UR # Urdu,0.002711475,B1
JA # Japanese,UR # Urdu,0.0018391013,B2
JA # Japanese,UR # Urdu,0.0014741421,C1
JA # Japanese,UR # Urdu,0.00067460537,C2
JA # Japanese,UR # Urdu,0.0013359785,Perfect
JA # Japanese,VI # Vietnamese,0.0013728142,B1
JA # Japanese,VI # Vietnamese,0.0009798408,B2
JA # Japanese,VI # Vietnamese,0.0012568235,C1
JA # Japanese,VI # Vietnamese,0.00029104948,C2
JA # Japanese,VI # Vietnamese,0.00041490793,Perfect
JA # Japanese,ZH # Mandarin,0.0015249252,B1
JA # Japanese,ZH # Mandarin,0.0010268688,B2
JA # Japanese,ZH # Mandarin,0.0014624,C1
JA # Japanese,ZH # Mandarin,0.0006439686,C2
JA # Japanese,ZH # Mandarin,0.0018037558,Perfect
KO # Korean,LV # Latvian,0.0014052987,B1
KO # Korean,LV # Latvian,0.0018231869,B2
KO # Korean,LV # Latvian,0.00099051,C1
KO # Korean,LV # Latvian,0.0018101931,C2
KO # Korean,LV # Latvian,0.00087475777,Perfect
KO # Korean,PL # Polish,0.0014860034,B1
KO # Korean,PL # Polish,0.001403153,B2
KO # Korean,PL # Polish,0.0012522936,C1
KO # Korean,PL # Polish,0.0023725033,C2
KO # Korean,PL # Polish,0.0023801923,Perfect
KO # Korean,PS # Pashto,0.0016744137,B1
KO # Korean,PS # Pashto,0.0005646348,B2
KO # Korean,PS # Pashto,0.00071823597,C1
KO # Korean,PS # Pashto,0.001998186,C2
KO # Korean,PS # Pashto,0.0015758276,Perfect
KO # Korean,PT # Portuguese,0.003820002,B1
KO # Korean,PT # Portuguese,0.0004976392,B2
KO # Korean,PT # Portuguese,0.00059211254,C1
KO # Korean,PT # Portuguese,0.003022194,C2
KO # Korean,PT # Portuguese,0.0007825494,Perfect
KO # Korean,RU # Russian,0.0021338463,B1
KO # Korean,RU # Russian,0.0007150173,B2
KO # Korean,RU # Russian,0.0025750399,C1
KO # Korean,RU # Russian,0.0011841655,C2
KO # Korean,RU # Russian,0.0008546114,Perfect
KO # Korean,SQ # Albanian,0.0012534261,B1
KO # Korean,SQ # Albanian,0.0007953048,B2
KO # Korean,SQ # Albanian,0.00062435865,C1
KO # Korean,SQ # Albanian,0.0027657747,C2
KO # Korean,SQ # Albanian,0.0006506443,Perfect
KO # Korean,SW # Swahili,0.0030063987,B1
KO # Korean,SW # Swahili,0.0009290576,B2
KO # Korean,SW # Swahili,0.00043028593,C1
KO # Korean,SW # Swahili,0.0018262267,C2
KO # Korean,SW # Swahili,0.0018228292,Perfect
KO # Korean,TH # Thai,0.0016578436,B1
KO # Korean,TH # Thai,0.0007983446,B2
KO # Korean,TH # Thai,0.0016210079,C1
KO # Korean,TH # Thai,0.0019483566,C2
KO # Korean,TH # Thai,0.0015383959,Perfect
KO # Korean,TR # Turkish,0.0016422868,B1
KO # Korean,TR # Turkish,0.0013164282,B2
KO # Korean,TR # Turkish,0.00055116415,C1
KO # Korean,TR # Turkish,0.002664268,C2
KO # Korean,TR # Turkish,0.00080275536,Perfect
KO # Korean,UR # Urdu,0.0037939548,B1
KO # Korean,UR # Urdu,0.00043213367,B2
KO # Korean,UR # Urdu,0.00067317486,C1
KO # Korean,UR # Urdu,0.0027536154,C2
KO # Korean,UR # Urdu,0.0007098317,Perfect
KO # Korean,VI # Vietnamese,0.00063991547,B1
KO # Korean,VI # Vietnamese,0.0011265278,B2
KO # Korean,VI # Vietnamese,0.00063830614,C1
KO # Korean,VI # Vietnamese,0.002736926,C2
KO # Korean,VI # Vietnamese,0.0005874634,Perfect
KO # Korean,ZH # Mandarin,0.0019613504,B1
KO # Korean,ZH # Mandarin,0.000818491,B2
KO # Korean,ZH # Mandarin,0.00062298775,C1
KO # Korean,ZH # Mandarin,0.0019445419,C2
KO # Korean,ZH # Mandarin,0.0011335611,Perfect
LV # Latvian,PL # Polish,0.00193578,B1
LV # Latvian,PL # Polish,0.00035429,B2
LV # Latvian,PL # Polish,0.00078833103,C1
LV # Latvian,PL # Polish,0.00038266182,C2
LV # Latvian,PL # Polish,0.0014615059,Perfect
LV # Latvian,PS # Pashto,0.00078213215,B1
LV # Latvian,PS # Pashto,0.0013815761,B2
LV # Latvian,PS # Pashto,0.00043851137,C1
LV # Latvian,PS # Pashto,0.0004544258,C2
LV # Latvian,PS # Pashto,0.0009849072,Perfect
LV # Latvian,PT # Portuguese,0.0019654632,B1
LV # Latvian,PT # Portuguese,0.0011224151,B2
LV # Latvian,PT # Portuguese,0.0007134676,C1
LV # Latvian,PT # Portuguese,0.00078213215,C2
LV # Latvian,PT # Portuguese,0.00083881617,Perfect
LV # Latvian,RU # Russian,0.0013173819,B1
LV # Latvian,RU # Russian,0.00213027,B2
LV # Latvian,RU # Russian,0.0013819933,C1
LV # Latvian,RU # Russian,0.00059586763,C2
LV # Latvian,RU # Russian,0.0010911822,Perfect
LV # Latvian,SQ # Albanian,0.0017797351,B1
LV # Latvian,SQ # Albanian,0.0015041232,B2
LV # Latvian,SQ # Albanian,0.0012663603,C1
LV # Latvian,SQ # Albanian,0.00063985586,C2
LV # Latvian,SQ # Albanian,0.0008968711,Perfect
LV # Latvian,SW # Swahili,0.002754569,B1
LV # Latvian,SW # Swahili,0.0011709332,B2
LV # Latvian,SW # Swahili,0.000921309,C1
LV # Latvian,SW # Swahili,0.00096583366,C2
LV # Latvian,SW # Swahili,0.0012970567,Perfect
LV # Latvian,TH # Thai,0.0019116998,B1
LV # Latvian,TH # Thai,0.0021246076,B2
LV # Latvian,TH # Thai,0.0008223653,C1
LV # Latvian,TH # Thai,0.00059336424,C2
LV # Latvian,TH # Thai,0.0007275939,Perfect
LV # Latvian,TR # Turkish,0.00053942204,B1
LV # Latvian,TR # Turkish,0.0017332435,B2
LV # Latvian,TR # Turkish,0.0009804964,C1
LV # Latvian,TR # Turkish,0.0006811023,C2
LV # Latvian,TR # Turkish,0.0008275509,Perfect
LV # Latvian,UR # Urdu,0.0029494762,B1
LV # Latvian,UR # Urdu,0.0017653108,B2
LV # Latvian,UR # Urdu,0.0012790561,C1
LV # Latvian,UR # Urdu,0.0007427931,C2
LV # Latvian,UR # Urdu,0.0007148981,Perfect
LV # Latvian,VI # Vietnamese,0.001816392,B1
LV # Latvian,VI # Vietnamese,0.00060355663,B2
LV # Latvian,VI # Vietnamese,0.0007722974,C1
LV # Latvian,VI # Vietnamese,0.0006905794,C2
LV # Latvian,VI # Vietnamese,0.0011044741,Perfect
LV # Latvian,ZH # Mandarin,0.0020231009,B1
LV # Latvian,ZH # Mandarin,0.0009877682,B2
LV # Latvian,ZH # Mandarin,0.0012189746,C1
LV # Latvian,ZH # Mandarin,0.00040060282,C2
LV # Latvian,ZH # Mandarin,0.0011454225,Perfect
PL # Polish,PS # Pashto,0.0022117496,B1
PL # Polish,PS # Pashto,0.0008736849,B2
PL # Polish,PS # Pashto,0.0006554127,C1
PL # Polish,PS # Pashto,0.00037008524,C2
PL # Polish,PS # Pashto,0.00072455406,Perfect
PL # Polish,PT # Portuguese,0.004062772,B1
PL # Polish,PT # Portuguese,0.0009111166,B2
PL # Polish,PT # Portuguese,0.00066268444,C1
PL # Polish,PT # Portuguese,0.000521183,C2
PL # Polish,PT # Portuguese,0.0013622642,Perfect
PL # Polish,RU # Russian,0.0026325583,B1
PL # Polish,RU # Russian,0.0015803576,B2
PL # Polish,RU # Russian,0.0016278625,C1
PL # Polish,RU # Russian,0.0007715225,C2
PL # Polish,RU # Russian,0.0018690228,Perfect
PL # Polish,SQ # Albanian,0.00048536062,B1
PL # Polish,SQ # Albanian,0.0010677576,B2
PL # Polish,SQ # Albanian,0.0011544824,C1
PL # Polish,SQ # Albanian,0.00051534176,C2
PL # Polish,SQ # Albanian,0.0018552542,Perfect
PL # Polish,SW # Swahili,0.0015532374,B1
PL # Polish,SW # Swahili,0.0008443594,B2
PL # Polish,SW # Swahili,0.0010095835,C1
PL # Polish,SW # Swahili,0.0011122227,C2
PL # Polish,SW # Swahili,0.0007199049,Perfect
PL # Polish,TH # Thai,0.0041394234,B1
PL # Polish,TH # Thai,0.0015227795,B2
PL # Polish,TH # Thai,0.0012613535,C1
PL # Polish,TH # Thai,0.0005609989,C2
PL # Polish,TH # Thai,0.0008318424,Perfect
PL # Polish,TR # Turkish,0.0018936992,B1
PL # Polish,TR # Turkish,0.0014678836,B2
PL # Polish,TR # Turkish,0.0012883544,C1
PL # Polish,TR # Turkish,0.00041347742,C2
PL # Polish,TR # Turkish,0.0017169714,Perfect
PL # Polish,UR # Urdu,0.0020970106,B1
PL # Polish,UR # Urdu,0.0013452172,B2
PL # Polish,UR # Urdu,0.0010660887,C1
PL # Polish,UR # Urdu,0.00041991472,C2
PL # Polish,UR # Urdu,0.0011897087,Perfect
PL # Polish,VI # Vietnamese,0.0011283159,B1
PL # Polish,VI # Vietnamese,0.00044709444,B2
PL # Polish,VI # Vietnamese,0.0010383725,C1
PL # Polish,VI # Vietnamese,0.0004915595,C2
PL # Polish,VI # Vietnamese,0.002821803,Perfect
PL # Polish,ZH # Mandarin,0.0009139776,B1
PL # Polish,ZH # Mandarin,0.00063306093,B2
PL # Polish,ZH # Mandarin,0.0007766485,C1
PL # Polish,ZH # Mandarin,0.00031024218,C2
PL # Polish,ZH # Mandarin,0.0015449524,Perfect
PS # Pashto,PT # Portuguese,0.0018026233,B1
PS # Pashto,PT # Portuguese,0.00071287155,B2
PS # Pashto,PT # Portuguese,0.0006378889,C1
PS # Pashto,PT # Portuguese,0.0005457401,C2
PS # Pashto,PT # Portuguese,0.00070142746,Perfect
PS # Pashto,RU # Russian,0.0017539859,B1
PS # Pashto,RU # Russian,0.00094366074,B2
PS # Pashto,RU # Russian,0.0017645359,C1
PS # Pashto,RU # Russian,0.00069481134,C2
PS # Pashto,RU # Russian,0.0013361573,Perfect
PS # Pashto,SQ # Albanian,0.0019489527,B1
PS # Pashto,SQ # Albanian,0.0005404949,B2
PS # Pashto,SQ # Albanian,0.0007086396,C1
PS # Pashto,SQ # Albanian,0.0005379319,C2
PS # Pashto,SQ # Albanian,0.0010712147,Perfect
PS # Pashto,SW # Swahili,0.0026963353,B1
PS # Pashto,SW # Swahili,0.0010604858,B2
PS # Pashto,SW # Swahili,0.000684917,C1
PS # Pashto,SW # Swahili,0.0006403327,C2
PS # Pashto,SW # Swahili,0.000372231,Perfect
PS # Pashto,TH # Thai,0.001801014,B1
PS # Pashto,TH # Thai,0.00063592196,B2
PS # Pashto,TH # Thai,0.001144588,C1
PS # Pashto,TH # Thai,0.00041937828,C2
PS # Pashto,TH # Thai,0.00060230494,Perfect
PS # Pashto,TR # Turkish,0.00058048964,B1
PS # Pashto,TR # Turkish,0.00089365244,B2
PS # Pashto,TR # Turkish,0.00070488453,C1
PS # Pashto,TR # Turkish,0.0004618764,C2
PS # Pashto,TR # Turkish,0.0014562011,Perfect
PS # Pashto,UR # Urdu,0.003047824,B1
PS # Pashto,UR # Urdu,0.00036656857,B2
PS # Pashto,UR # Urdu,0.001016736,C1
PS # Pashto,UR # Urdu,0.00029098988,C2
PS # Pashto,UR # Urdu,0.00059998035,Perfect
PS # Pashto,VI # Vietnamese,0.001928091,B1
PS # Pashto,VI # Vietnamese,0.00080037117,B2
PS # Pashto,VI # Vietnamese,0.0006414652,C1
PS # Pashto,VI # Vietnamese,0.00064629316,C2
PS # Pashto,VI # Vietnamese,0.0017620921,Perfect
PS # Pashto,ZH # Mandarin,0.0016556382,B1
PS # Pashto,ZH # Mandarin,0.00047451258,B2
PS # Pashto,ZH # Mandarin,0.0006638169,C1
PS # Pashto,ZH # Mandarin,0.00032955408,C2
PS # Pashto,ZH # Mandarin,0.0012655258,Perfect
PT # Portuguese,RU # Russian,0.004117608,B1
PT # Portuguese,RU # Russian,0.0011085272,B2
PT # Portuguese,RU # Russian,0.001978755,C1
PT # Portuguese,RU # Russian,0.0012280941,C2
PT # Portuguese,RU # Russian,0.00054067373,Perfect
PT # Portuguese,SQ # Albanian,0.0043771863,B1
PT # Portuguese,SQ # Albanian,0.00077426434,B2
PT # Portuguese,SQ # Albanian,0.0007317662,C1
PT # Portuguese,SQ # Albanian,0.00048345327,C2
PT # Portuguese,SQ # Albanian,0.00044339895,Perfect
PT # Portuguese,SW # Swahili,0.0043750405,B1
PT # Portuguese,SW # Swahili,0.00075781345,B2
PT # Portuguese,SW # Swahili,0.00047564507,C1
PT # Portuguese,SW # Swahili,0.0015196204,C2
PT # Portuguese,SW # Swahili,0.00068736076,Perfect
PT # Portuguese,TH # Thai,0.004763603,B1
PT # Portuguese,TH # Thai,0.0011327863,B2
PT # Portuguese,TH # Thai,0.0014426708,C1
PT # Portuguese,TH # Thai,0.00039172173,C2
PT # Portuguese,TH # Thai,0.00053811073,Perfect
PT # Portuguese,TR # Turkish,0.0020216107,B1
PT # Portuguese,TR # Turkish,0.0012891293,B2
PT # Portuguese,TR # Turkish,0.0008635521,C1
PT # Portuguese,TR # Turkish,0.00050598383,C2
PT # Portuguese,TR # Turkish,0.0008586049,Perfect
PT # Portuguese,UR # Urdu,0.0034316778,B1
PT # Portuguese,UR # Urdu,0.0007112622,B2
PT # Portuguese,UR # Urdu,0.00059980154,C1
PT # Portuguese,UR # Urdu,0.0005308986,C2
PT # Portuguese,UR # Urdu,0.0005118847,Perfect
PT # Portuguese,VI # Vietnamese,0.004074216,B1
PT # Portuguese,VI # Vietnamese,0.00082808733,B2
PT # Portuguese,VI # Vietnamese,0.00050485134,C1
PT # Portuguese,VI # Vietnamese,0.00026214123,C2
PT # Portuguese,VI # Vietnamese,0.00093978643,Perfect
PT # Portuguese,ZH # Mandarin,0.0030920506,B1
PT # Portuguese,ZH # Mandarin,0.00046300888,B2
PT # Portuguese,ZH # Mandarin,0.0005828738,C1
PT # Portuguese,ZH # Mandarin,0.00066000223,C2
PT # Portuguese,ZH # Mandarin,0.0011607409,Perfect
RU # Russian,SQ # Albanian,0.0020899177,B1
RU # Russian,SQ # Albanian,0.00081038475,B2
RU # Russian,SQ # Albanian,0.0027791858,C1
RU # Russian,SQ # Albanian,0.0009610057,C2
RU # Russian,SQ # Albanian,0.0005040169,Perfect
RU # Russian,SW # Swahili,0.0027619004,B1
RU # Russian,SW # Swahili,0.0013338327,B2
RU # Russian,SW # Swahili,0.002632141,C1
RU # Russian,SW # Swahili,0.00091278553,C2
RU # Russian,SW # Swahili,0.0010983944,Perfect
RU # Russian,TH # Thai,0.0022765994,B1
RU # Russian,TH # Thai,0.0007227659,B2
RU # Russian,TH # Thai,0.00093215704,C1
RU # Russian,TH # Thai,0.0008122325,C2
RU # Russian,TH # Thai,0.0009968877,Perfect
RU # Russian,TR # Turkish,0.0016537309,B1
RU # Russian,TR # Turkish,0.0013161898,B2
RU # Russian,TR # Turkish,0.0023709536,C1
RU # Russian,TR # Turkish,0.0009302497,C2
RU # Russian,TR # Turkish,0.0011239052,Perfect
RU # Russian,UR # Urdu,0.00399071,B1
RU # Russian,UR # Urdu,0.000833869,B2
RU # Russian,UR # Urdu,0.0023721457,C1
RU # Russian,UR # Urdu,0.0009596348,C2
RU # Russian,UR # Urdu,0.0010072589,Perfect
RU # Russian,VI # Vietnamese,0.0023678541,B1
RU # Russian,VI # Vietnamese,0.0013147593,B2
RU # Russian,VI # Vietnamese,0.0019040108,C1
RU # Russian,VI # Vietnamese,0.0010570884,C2
RU # Russian,VI # Vietnamese,0.00061035156,Perfect
RU # Russian,ZH # Mandarin,0.0026776195,B1
RU # Russian,ZH # Mandarin,0.0014876127,B2
RU # Russian,ZH # Mandarin,0.0025497675,C1
RU # Russian,ZH # Mandarin,0.00060385466,C2
RU # Russian,ZH # Mandarin,0.0016013384,Perfect
SQ # Albanian,SW # Swahili,0.00149858,B1
SQ # Albanian,SW # Swahili,0.0011681318,B2
SQ # Albanian,SW # Swahili,0.0007478595,C1
SQ # Albanian,SW # Swahili,0.0015431643,C2
SQ # Albanian,SW # Swahili,0.0012106895,Perfect
SQ # Albanian,TH # Thai,0.00353086,B1
SQ # Albanian,TH # Thai,0.0005005598,B2
SQ # Albanian,TH # Thai,0.0021147132,C1
SQ # Albanian,TH # Thai,0.0006905794,C2
SQ # Albanian,TH # Thai,0.0009049177,Perfect
SQ # Albanian,TR # Turkish,0.00200212,B1
SQ # Albanian,TR # Turkish,0.000736773,B2
SQ # Albanian,TR # Turkish,0.0008999109,C1
SQ # Albanian,TR # Turkish,0.00026333332,C2
SQ # Albanian,TR # Turkish,0.00076699257,Perfect
SQ # Albanian,UR # Urdu,0.0021514893,B1
SQ # Albanian,UR # Urdu,0.0006964803,B2
SQ # Albanian,UR # Urdu,0.00060737133,C1
SQ # Albanian,UR # Urdu,0.00063467026,C2
SQ # Albanian,UR # Urdu,0.00046986341,Perfect
SQ # Albanian,VI # Vietnamese,0.0008716583,B1
SQ # Albanian,VI # Vietnamese,0.000808537,B2
SQ # Albanian,VI # Vietnamese,0.0004994273,C1
SQ # Albanian,VI # Vietnamese,0.0004387498,C2
SQ # Albanian,VI # Vietnamese,0.00059348345,Perfect
SQ # Albanian,ZH # Mandarin,0.00086188316,B1
SQ # Albanian,ZH # Mandarin,0.0008947849,B2
SQ # Albanian,ZH # Mandarin,0.00041985512,C1
SQ # Albanian,ZH # Mandarin,0.00063478947,C2
SQ # Albanian,ZH # Mandarin,0.0011764765,Perfect
SW # Swahili,TH # Thai,0.005596757,B1
SW # Swahili,TH # Thai,0.0014733076,B2
SW # Swahili,TH # Thai,0.0019353032,C1
SW # Swahili,TH # Thai,0.0011537075,C2
SW # Swahili,TH # Thai,0.0005735755,Perfect
SW # Swahili,TR # Turkish,0.0028101802,B1
SW # Swahili,TR # Turkish,0.002106011,B2
SW # Swahili,TR # Turkish,0.00052034855,C1
SW # Swahili,TR # Turkish,0.001316607,C2
SW # Swahili,TR # Turkish,0.0015946031,Perfect
SW # Swahili,UR # Urdu,0.0007493496,B1
SW # Swahili,UR # Urdu,0.0013996363,B2
SW # Swahili,UR # Urdu,0.0007493496,C1
SW # Swahili,UR # Urdu,0.0008071065,C2
SW # Swahili,UR # Urdu,0.00088346004,Perfect
SW # Swahili,VI # Vietnamese,0.0017459393,B1
SW # Swahili,VI # Vietnamese,0.0009100437,B2
SW # Swahili,VI # Vietnamese,0.0007228255,C1
SW # Swahili,VI # Vietnamese,0.0016564131,C2
SW # Swahili,VI # Vietnamese,0.0019914508,Perfect
SW # Swahili,ZH # Mandarin,0.0011382103,B1
SW # Swahili,ZH # Mandarin,0.00076651573,B2
SW # Swahili,ZH # Mandarin,0.0006594658,C1
SW # Swahili,ZH # Mandarin,0.0005916357,C2
SW # Swahili,ZH # Mandarin,0.0016363859,Perfect
TH # Thai,TR # Turkish,0.0020792484,B1
TH # Thai,TR # Turkish,0.00094377995,B2
TH # Thai,TR # Turkish,0.001986146,C1
TH # Thai,TR # Turkish,0.0006455183,C2
TH # Thai,TR # Turkish,0.0012353659,Perfect
TH # Thai,UR # Urdu,0.0067948103,B1
TH # Thai,UR # Urdu,0.00077688694,B2
TH # Thai,UR # Urdu,0.0018327236,C1
TH # Thai,UR # Urdu,0.00067186356,C2
TH # Thai,UR # Urdu,0.0008401871,Perfect
TH # Thai,VI # Vietnamese,0.0025026202,B1
TH # Thai,VI # Vietnamese,0.001103282,B2
TH # Thai,VI # Vietnamese,0.0012590289,C1
TH # Thai,VI # Vietnamese,0.0004093647,C2
TH # Thai,VI # Vietnamese,0.0016111732,Perfect
TH # Thai,ZH # Mandarin,0.004361987,B1
TH # Thai,ZH # Mandarin,0.0012156367,B2
TH # Thai,ZH # Mandarin,0.0018640757,C1
TH # Thai,ZH # Mandarin,0.00053465366,C2
TH # Thai,ZH # Mandarin,0.0013252497,Perfect
TR # Turkish,UR # Urdu,0.003357768,B1
TR # Turkish,UR # Urdu,0.00087606907,B2
TR # Turkish,UR # Urdu,0.0011484027,C1
TR # Turkish,UR # Urdu,0.0005390048,C2
TR # Turkish,UR # Urdu,0.00048595667,Perfect
TR # Turkish,VI # Vietnamese,0.0021343827,B1
TR # Turkish,VI # Vietnamese,0.0010540485,B2
TR # Turkish,VI # Vietnamese,0.00088584423,C1
TR # Turkish,VI # Vietnamese,0.00043225288,C2
TR # Turkish,VI # Vietnamese,0.0010344982,Perfect
TR # Turkish,ZH # Mandarin,0.0018745661,B1
TR # Turkish,ZH # Mandarin,0.0011974573,B2
TR # Turkish,ZH # Mandarin,0.00073421,C1
TR # Turkish,ZH # Mandarin,0.0005697608,C2
TR # Turkish,ZH # Mandarin,0.00068873167,Perfect
UR # Urdu,VI # Vietnamese,0.0023328066,B1
UR # Urdu,VI # Vietnamese,0.0010939837,B2
UR # Urdu,VI # Vietnamese,0.0007112622,C1
UR # Urdu,VI # Vietnamese,0.0007195473,C2
UR # Urdu,VI # Vietnamese,0.00092691183,Perfect
UR # Urdu,ZH # Mandarin,0.0012763143,B1
UR # Urdu,ZH # Mandarin,0.0006598234,B2
UR # Urdu,ZH # Mandarin,0.00069594383,C1
UR # Urdu,ZH # Mandarin,0.00038284063,C2
UR # Urdu,ZH # Mandarin,0.0006150007,Perfect
VI # Vietnamese,ZH # Mandarin,0.0014491081,B1
VI # Vietnamese,ZH # Mandarin,0.00074362755,B2
VI # Vietnamese,ZH # Mandarin,0.0006015301,C1
VI # Vietnamese,ZH # Mandarin,0.00060105324,C2
VI # Vietnamese,ZH # Mandarin,0.0014616847,Perfect
