Language,Response,Count,Percentage
AR # Arabic,desert,6,4.17
AR # Arabic,flag,6,4.17
AR # Arabic,justice,6,4.17
AR # Arabic,bread,5,3.47
AR # Arabic,courage,3,2.08
AR # Arabic,dog,3,2.08
AR # Arabic,rose,3,2.08
AR # Arabic,grass,3,2.08
AR # Arabic,tomato,3,2.08
AR # Arabic,brother,3,2.08
AR # Arabic,rival,3,2.08
AR # Arabic,peacock,3,2.08
AR # Arabic,father,3,2.08
AR # Arabic,stranger,3,2.08
AR # Arabic,inside,3,2.08
AR # Arabic,above,3,2.08
AR # Arabic,morning,3,2.08
AR # Arabic,second,3,2.08
AR # Arabic,century,3,2.08
AR # Arabic,elephant,3,2.08
AR # Arabic,cactus,3,2.08
AR # Arabic,rain,3,2.08
AR # Arabic,bridge,3,2.08
AR # Arabic,book,3,2.08
AR # Arabic,wisdom,3,2.08
AR # Arabic,farmer,3,2.08
AR # Arabic,teacher,3,2.08
AR # Arabic,soldier,3,2.08
AR # Arabic,carpet,3,2.08
AR # Arabic,painting,3,2.08
AR # Arabic,apple,3,2.08
AR # Arabic,fog,3,2.08
AR # Arabic,moon,3,2.08
AR # Arabic,west,2,1.39
AR # Arabic,sword,2,1.39
AR # Arabic,beef,2,1.39
AR # Arabic,earthquake,2,1.39
AR # Arabic,volcano,2,1.39
AR # Arabic,east,2,1.39
AR # Arabic,night,2,1.39
AR # Arabic,artist,2,1.39
AR # Arabic,forest,2,1.39
AR # Arabic,lake,2,1.39
AR # Arabic,dolphin,2,1.39
AR # Arabic,river,1,0.69
AR # Arabic,valley,1,0.69
AR # Arabic,monkey,1,0.69
AR # Arabic,writer,1,0.69
AR # Arabic,thunder,1,0.69
AR # Arabic,lock,1,0.69
AR # Arabic,front,1,0.69
AR # Arabic,rice,1,0.69
AR # Arabic,lightning,1,0.69
AR # Arabic,evening,1,0.69
AR # Arabic,fish,1,0.69
AR # Arabic,outside,1,0.69
BN # Bengali,flag,6,4.17
BN # Bengali,above,4,2.78
BN # Bengali,potato,4,2.78
BN # Bengali,courage,3,2.08
BN # Bengali,rival,3,2.08
BN # Bengali,peacock,3,2.08
BN # Bengali,elephant,3,2.08
BN # Bengali,dog,3,2.08
BN # Bengali,mountain,3,2.08
BN # Bengali,rose,3,2.08
BN # Bengali,grass,3,2.08
BN # Bengali,father,3,2.08
BN # Bengali,bridge,3,2.08
BN # Bengali,stranger,3,2.08
BN # Bengali,inside,3,2.08
BN # Bengali,outside,3,2.08
BN # Bengali,morning,3,2.08
BN # Bengali,second,3,2.08
BN # Bengali,century,3,2.08
BN # Bengali,moon,3,2.08
BN # Bengali,cactus,3,2.08
BN # Bengali,book,3,2.08
BN # Bengali,rice,3,2.08
BN # Bengali,rain,3,2.08
BN # Bengali,thunder,3,2.08
BN # Bengali,fog,3,2.08
BN # Bengali,fish,3,2.08
BN # Bengali,painting,3,2.08
BN # Bengali,farmer,3,2.08
BN # Bengali,soldier,3,2.08
BN # Bengali,teacher,3,2.08
BN # Bengali,east,2,1.39
BN # Bengali,forest,2,1.39
BN # Bengali,justice,2,1.39
BN # Bengali,night,2,1.39
BN # Bengali,river,2,1.39
BN # Bengali,coin,2,1.39
BN # Bengali,lightning,2,1.39
BN # Bengali,monkey,2,1.39
BN # Bengali,freedom,2,1.39
BN # Bengali,brother,2,1.39
BN # Bengali,soup,2,1.39
BN # Bengali,lake,2,1.39
BN # Bengali,honesty,2,1.39
BN # Bengali,sword,2,1.39
BN # Bengali,earthquake,1,0.69
BN # Bengali,banana,1,0.69
BN # Bengali,bell,1,0.69
BN # Bengali,wisdom,1,0.69
BN # Bengali,friend,1,0.69
BN # Bengali,desert,1,0.69
BN # Bengali,writer,1,0.69
BN # Bengali,artist,1,0.69
BN # Bengali,শিল্পী,1,0.69
BN # Bengali,Broccoli,1,0.69
BN # Bengali,শান্তি (Peace),1,0.69
BN # Bengali,peace,1,0.69
BN # Bengali,evening,1,0.69
BN # Bengali,lock,1,0.69
BN # Bengali,dolphin,1,0.69
BN # Bengali,apple,1,0.69
BN # Bengali,island,1,0.69
BN # Bengali,village,1,0.69
DE # German,flag,6,4.17
DE # German,bread,6,4.17
DE # German,potato,4,2.78
DE # German,forest,4,2.78
DE # German,rose,3,2.08
DE # German,dolphin,3,2.08
DE # German,elephant,3,2.08
DE # German,dog,3,2.08
DE # German,lake,3,2.08
DE # German,mountain,3,2.08
DE # German,grass,3,2.08
DE # German,bridge,3,2.08
DE # German,rival,3,2.08
DE # German,stranger,3,2.08
DE # German,west,3,2.08
DE # German,above,3,2.08
DE # German,second,3,2.08
DE # German,century,3,2.08
DE # German,moon,3,2.08
DE # German,courage,3,2.08
DE # German,book,3,2.08
DE # German,lightning,3,2.08
DE # German,farmer,3,2.08
DE # German,teacher,3,2.08
DE # German,artist,3,2.08
DE # German,apple,3,2.08
DE # German,fog,3,2.08
DE # German,painting,3,2.08
DE # German,peacock,2,1.39
DE # German,east,2,1.39
DE # German,wisdom,2,1.39
DE # German,night,2,1.39
DE # German,morning,2,1.39
DE # German,justice,2,1.39
DE # German,inside,2,1.39
DE # German,father,2,1.39
DE # German,rainbow,2,1.39
DE # German,brother,2,1.39
DE # German,honesty,2,1.39
DE # German,volcano,2,1.39
DE # German,cactus,2,1.39
DE # German,soldier,2,1.39
DE # German,sword,2,1.39
DE # German,Soldier,1,0.69
DE # German,bell,1,0.69
DE # German,back,1,0.69
DE # German,fish,1,0.69
DE # German,leader,1,0.69
DE # German,Freund,1,0.69
DE # German,desert,1,0.69
DE # German,Affe,1,0.69
DE # German,evening,1,0.69
DE # German,beef,1,0.69
DE # German,Volcano,1,0.69
DE # German,rain,1,0.69
DE # German,Glocke,1,0.69
DE # German,Justice,1,0.69
DE # German,Weisheit,1,0.69
DE # German,freedom,1,0.69
DE # German,lock,1,0.69
DE # German,coin,1,0.69
DE # German,front,1,0.69
DE # German,island,1,0.69
DE # German,egg,1,0.69
DE # German,year,1,0.69
ES # Spanish,flag,6,4.17
ES # Spanish,dolphin,4,2.78
ES # Spanish,courage,3,2.08
ES # Spanish,above,3,2.08
ES # Spanish,bridge,3,2.08
ES # Spanish,moon,3,2.08
ES # Spanish,morning,3,2.08
ES # Spanish,elephant,3,2.08
ES # Spanish,dog,3,2.08
ES # Spanish,mountain,3,2.08
ES # Spanish,farmer,3,2.08
ES # Spanish,west,3,2.08
ES # Spanish,cactus,3,2.08
ES # Spanish,rose,3,2.08
ES # Spanish,grass,3,2.08
ES # Spanish,stranger,3,2.08
ES # Spanish,book,3,2.08
ES # Spanish,teacher,3,2.08
ES # Spanish,rival,3,2.08
ES # Spanish,apple,3,2.08
ES # Spanish,justice,3,2.08
ES # Spanish,painting,3,2.08
ES # Spanish,soldier,3,2.08
ES # Spanish,fog,3,2.08
ES # Spanish,volcano,3,2.08
ES # Spanish,soup,3,2.08
ES # Spanish,century,3,2.08
ES # Spanish,second,3,2.08
ES # Spanish,father,3,2.08
ES # Spanish,rain,2,1.39
ES # Spanish,sword,2,1.39
ES # Spanish,peacock,2,1.39
ES # Spanish,inside,2,1.39
ES # Spanish,east,2,1.39
ES # Spanish,night,2,1.39
ES # Spanish,potato,2,1.39
ES # Spanish,brother,2,1.39
ES # Spanish,artist,2,1.39
ES # Spanish,egg,2,1.39
ES # Spanish,love,2,1.39
ES # Spanish,earthquake,2,1.39
ES # Spanish,bread,2,1.39
ES # Spanish,lake,2,1.39
ES # Spanish,forest,2,1.39
ES # Spanish,desert,2,1.39
ES # Spanish,village,1,0.69
ES # Spanish,writer,1,0.69
ES # Spanish,bell,1,0.69
ES # Spanish,freedom,1,0.69
ES # Spanish,back,1,0.69
ES # Spanish,river,1,0.69
ES # Spanish,coin,1,0.69
ES # Spanish,friend,1,0.69
ES # Spanish,tomato,1,0.69
ES # Spanish,fish,1,0.69
ES # Spanish,rainbow,1,0.69
ES # Spanish,rice,1,0.69
ES # Spanish,honesty,1,0.69
ES # Spanish,lightning,1,0.69
ES # Spanish,carpet,1,0.69
ES # Spanish,Justice,1,0.69
ES # Spanish,peace,1,0.69
ES # Spanish,evening,1,0.69
ES # Spanish,lock,1,0.69
ES # Spanish,front,1,0.69
ES # Spanish,island,1,0.69
FA # Persian,flag,5,3.47
FA # Persian,justice,4,2.78
FA # Persian,bread,4,2.78
FA # Persian,courage,3,2.08
FA # Persian,peacock,3,2.08
FA # Persian,elephant,3,2.08
FA # Persian,dog,3,2.08
FA # Persian,mountain,3,2.08
FA # Persian,desert,3,2.08
FA # Persian,cactus,3,2.08
FA # Persian,grass,3,2.08
FA # Persian,bridge,3,2.08
FA # Persian,rival,3,2.08
FA # Persian,father,3,2.08
FA # Persian,stranger,3,2.08
FA # Persian,above,3,2.08
FA # Persian,second,3,2.08
FA # Persian,century,3,2.08
FA # Persian,moon,3,2.08
FA # Persian,rose,3,2.08
FA # Persian,book,3,2.08
FA # Persian,apple,3,2.08
FA # Persian,farmer,3,2.08
FA # Persian,painting,3,2.08
FA # Persian,rain,3,2.08
FA # Persian,volcano,3,2.08
FA # Persian,fog,3,2.08
FA # Persian,carpet,3,2.08
FA # Persian,teacher,3,2.08
FA # Persian,soldier,3,2.08
FA # Persian,rice,2,1.39
FA # Persian,night,2,1.39
FA # Persian,outside,2,1.39
FA # Persian,sword,2,1.39
FA # Persian,forest,2,1.39
FA # Persian,morning,2,1.39
FA # Persian,inside,2,1.39
FA # Persian,front,2,1.39
FA # Persian,wisdom,2,1.39
FA # Persian,earthquake,2,1.39
FA # Persian,tomato,2,1.39
FA # Persian,dolphin,2,1.39
FA # Persian,artist,2,1.39
FA # Persian,brother,2,1.39
FA # Persian,lake,2,1.39
FA # Persian,fish,2,1.39
FA # Persian,crown,1,0.69
FA # Persian,east,1,0.69
FA # Persian,potato,1,0.69
FA # Persian,river,1,0.69
FA # Persian,valley,1,0.69
FA # Persian,monkey,1,0.69
FA # Persian,writer,1,0.69
FA # Persian,egg,1,0.69
FA # Persian,back,1,0.69
FA # Persian,love,1,0.69
FA # Persian,Brother,1,0.69
FA # Persian,lightning,1,0.69
FA # Persian,honesty,1,0.69
FA # Persian,freedom,1,0.69
FA # Persian,evening,1,0.69
FA # Persian,lock,1,0.69
FA # Persian,west,1,0.69
FA # Persian,year,1,0.69
FR # French,flag,6,4.17
FR # French,bread,6,4.17
FR # French,justice,4,2.78
FR # French,courage,3,2.08
FR # French,dolphin,3,2.08
FR # French,dog,3,2.08
FR # French,mountain,3,2.08
FR # French,forest,3,2.08
FR # French,island,3,2.08
FR # French,cactus,3,2.08
FR # French,grass,3,2.08
FR # French,moon,3,2.08
FR # French,rival,3,2.08
FR # French,stranger,3,2.08
FR # French,outside,3,2.08
FR # French,above,3,2.08
FR # French,morning,3,2.08
FR # French,second,3,2.08
FR # French,century,3,2.08
FR # French,elephant,3,2.08
FR # French,rose,3,2.08
FR # French,painting,3,2.08
FR # French,soldier,3,2.08
FR # French,lightning,3,2.08
FR # French,fog,3,2.08
FR # French,apple,3,2.08
FR # French,artist,3,2.08
FR # French,volcano,3,2.08
FR # French,teacher,3,2.08
FR # French,farmer,3,2.08
FR # French,book,3,2.08
FR # French,bridge,3,2.08
FR # French,lake,2,1.39
FR # French,friend,2,1.39
FR # French,love,2,1.39
FR # French,freedom,2,1.39
FR # French,night,2,1.39
FR # French,inside,2,1.39
FR # French,rainbow,2,1.39
FR # French,father,2,1.39
FR # French,sword,2,1.39
FR # French,potato,2,1.39
FR # French,peacock,2,1.39
FR # French,egg,1,0.69
FR # French,bell,1,0.69
FR # French,Above,1,0.69
FR # French,village,1,0.69
FR # French,back,1,0.69
FR # French,leader,1,0.69
FR # French,tomato,1,0.69
FR # French,lock,1,0.69
FR # French,chicken,1,0.69
FR # French,rain,1,0.69
FR # French,carpet,1,0.69
FR # French,wisdom,1,0.69
FR # French,evening,1,0.69
FR # French,coin,1,0.69
FR # French,cat,1,0.69
FR # French,front,1,0.69
FR # French,brother,1,0.69
FR # French,fish,1,0.69
FR # French,east,1,0.69
GA # Irish,potato,8,5.56
GA # Irish,flag,6,4.17
GA # Irish,dog,4,2.78
GA # Irish,dolphin,4,2.78
GA # Irish,rose,3,2.08
GA # Irish,bridge,3,2.08
GA # Irish,moon,3,2.08
GA # Irish,second,3,2.08
GA # Irish,morning,3,2.08
GA # Irish,lake,3,2.08
GA # Irish,farmer,3,2.08
GA # Irish,above,3,2.08
GA # Irish,west,3,2.08
GA # Irish,island,3,2.08
GA # Irish,grass,3,2.08
GA # Irish,east,3,2.08
GA # Irish,rival,3,2.08
GA # Irish,book,3,2.08
GA # Irish,teacher,3,2.08
GA # Irish,stranger,3,2.08
GA # Irish,soldier,3,2.08
GA # Irish,century,3,2.08
GA # Irish,bread,3,2.08
GA # Irish,beef,3,2.08
GA # Irish,apple,3,2.08
GA # Irish,fog,3,2.08
GA # Irish,painting,3,2.08
GA # Irish,bell,3,2.08
GA # Irish,father,3,2.08
GA # Irish,Justice,2,1.39
GA # Irish,rain,2,1.39
GA # Irish,sword,2,1.39
GA # Irish,inside,2,1.39
GA # Irish,peacock,2,1.39
GA # Irish,night,2,1.39
GA # Irish,courage,2,1.39
GA # Irish,brother,2,1.39
GA # Irish,freedom,2,1.39
GA # Irish,forest,2,1.39
GA # Irish,mountain,2,1.39
GA # Irish,elephant,2,1.39
GA # Irish,artist,2,1.39
GA # Irish,tide,2,1.39
GA # Irish,wisdom,2,1.39
GA # Irish,lightning,2,1.39
GA # Irish,ocean,1,0.69
GA # Irish,writer,1,0.69
GA # Irish,justice,1,0.69
GA # Irish,back,1,0.69
GA # Irish,friend,1,0.69
GA # Irish,cactus,1,0.69
GA # Irish,rainbow,1,0.69
GA # Irish,thunder,1,0.69
GA # Irish,honesty,1,0.69
GA # Irish,Lightning,1,0.69
GA # Irish,Wisdom,1,0.69
GA # Irish,Courage,1,0.69
GA # Irish,lock,1,0.69
GA # Irish,evening,1,0.69
GA # Irish,river,1,0.69
HE # Hebrew,flag,6,4.17
HE # Hebrew,desert,4,2.78
HE # Hebrew,justice,4,2.78
HE # Hebrew,bread,4,2.78
HE # Hebrew,dolphin,4,2.78
HE # Hebrew,courage,3,2.08
HE # Hebrew,tomato,3,2.08
HE # Hebrew,dog,3,2.08
HE # Hebrew,lake,3,2.08
HE # Hebrew,cactus,3,2.08
HE # Hebrew,grass,3,2.08
HE # Hebrew,brother,3,2.08
HE # Hebrew,rival,3,2.08
HE # Hebrew,stranger,3,2.08
HE # Hebrew,inside,3,2.08
HE # Hebrew,above,3,2.08
HE # Hebrew,morning,3,2.08
HE # Hebrew,second,3,2.08
HE # Hebrew,century,3,2.08
HE # Hebrew,elephant,3,2.08
HE # Hebrew,rose,3,2.08
HE # Hebrew,painting,3,2.08
HE # Hebrew,bridge,3,2.08
HE # Hebrew,book,3,2.08
HE # Hebrew,farmer,3,2.08
HE # Hebrew,teacher,3,2.08
HE # Hebrew,soldier,3,2.08
HE # Hebrew,fish,3,2.08
HE # Hebrew,fog,3,2.08
HE # Hebrew,wisdom,3,2.08
HE # Hebrew,moon,3,2.08
HE # Hebrew,earthquake,2,1.39
HE # Hebrew,soup,2,1.39
HE # Hebrew,rain,2,1.39
HE # Hebrew,outside,2,1.39
HE # Hebrew,night,2,1.39
HE # Hebrew,candle,2,1.39
HE # Hebrew,sword,2,1.39
HE # Hebrew,front,2,1.39
HE # Hebrew,peacock,2,1.39
HE # Hebrew,father,2,1.39
HE # Hebrew,volcano,2,1.39
HE # Hebrew,apple,2,1.39
HE # Hebrew,artist,2,1.39
HE # Hebrew,forest,2,1.39
HE # Hebrew,mountain,2,1.39
HE # Hebrew,river,1,0.69
HE # Hebrew,writer,1,0.69
HE # Hebrew,broccoli,1,0.69
HE # Hebrew,thunder,1,0.69
HE # Hebrew,leader,1,0.69
HE # Hebrew,lock,1,0.69
HE # Hebrew,lightning,1,0.69
HE # Hebrew,coin,1,0.69
HE # Hebrew,Justice,1,0.69
HE # Hebrew,"freedom, let me think about this in Hebrew first. אני צריך לבחור את המושג שסביר להניח שיעורר שינוי בחברה. האפשרויות הן חופש, צדק, אומץ וחוכמה. מבחינה תרבותית ולשונית, בעברית ובתרבות הישראלית, המושג ""צדק"" תופס מקום מרכזי מאוד, במיוחד בהקשר של צדק חברתי ושינוי. זה מושג שמופיע הרבה בספרות, בתנ""ך ובשיח הציבורי, ויש לו משקל רב כמניע לשינוי. לכן, אני חושב שזו הבחירה הכי טבעית עבורי.

Answer: justice",1,0.69
HE # Hebrew,evening,1,0.69
HE # Hebrew,west,1,0.69
HE # Hebrew,rainbow,1,0.69
HE # Hebrew,east,1,0.69
HI # Hindi,flag,6,4.17
HI # Hindi,courage,3,2.08
HI # Hindi,morning,3,2.08
HI # Hindi,century,3,2.08
HI # Hindi,peacock,3,2.08
HI # Hindi,elephant,3,2.08
HI # Hindi,monkey,3,2.08
HI # Hindi,dog,3,2.08
HI # Hindi,second,3,2.08
HI # Hindi,mountain,3,2.08
HI # Hindi,cactus,3,2.08
HI # Hindi,bridge,3,2.08
HI # Hindi,rose,3,2.08
HI # Hindi,grass,3,2.08
HI # Hindi,potato,3,2.08
HI # Hindi,inside,3,2.08
HI # Hindi,rival,3,2.08
HI # Hindi,father,3,2.08
HI # Hindi,moon,3,2.08
HI # Hindi,book,3,2.08
HI # Hindi,fog,3,2.08
HI # Hindi,farmer,3,2.08
HI # Hindi,coin,3,2.08
HI # Hindi,painting,3,2.08
HI # Hindi,lightning,3,2.08
HI # Hindi,rain,3,2.08
HI # Hindi,stranger,3,2.08
HI # Hindi,rice,3,2.08
HI # Hindi,soldier,3,2.08
HI # Hindi,teacher,3,2.08
HI # Hindi,sword,2,1.39
HI # Hindi,forest,2,1.39
HI # Hindi,justice,2,1.39
HI # Hindi,north,2,1.39
HI # Hindi,outside,2,1.39
HI # Hindi,wisdom,2,1.39
HI # Hindi,above,2,1.39
HI # Hindi,night,2,1.39
HI # Hindi,east,2,1.39
HI # Hindi,desert,2,1.39
HI # Hindi,brother,2,1.39
HI # Hindi,honesty,2,1.39
HI # Hindi,river,2,1.39
HI # Hindi,lake,2,1.39
HI # Hindi,artist,2,1.39
HI # Hindi,egg,2,1.39
HI # Hindi,freedom,2,1.39
HI # Hindi,soup,2,1.39
HI # Hindi,apple,2,1.39
HI # Hindi,thunder,2,1.39
HI # Hindi,friend,1,0.69
HI # Hindi,musician,1,0.69
HI # Hindi,banana,1,0.69
HI # Hindi,peace,1,0.69
HI # Hindi,fish,1,0.69
HI # Hindi,tomato,1,0.69
HI # Hindi,west,1,0.69
HI # Hindi,volcano,1,0.69
HI # Hindi,lock,1,0.69
HI # Hindi,evening,1,0.69
HI # Hindi,village,1,0.69
IT # Italian,flag,5,3.47
IT # Italian,courage,3,2.08
IT # Italian,grass,3,2.08
IT # Italian,elephant,3,2.08
IT # Italian,dolphin,3,2.08
IT # Italian,dog,3,2.08
IT # Italian,lake,3,2.08
IT # Italian,mountain,3,2.08
IT # Italian,cactus,3,2.08
IT # Italian,rose,3,2.08
IT # Italian,tomato,3,2.08
IT # Italian,bridge,3,2.08
IT # Italian,rival,3,2.08
IT # Italian,stranger,3,2.08
IT # Italian,outside,3,2.08
IT # Italian,above,3,2.08
IT # Italian,morning,3,2.08
IT # Italian,second,3,2.08
IT # Italian,century,3,2.08
IT # Italian,moon,3,2.08
IT # Italian,island,3,2.08
IT # Italian,book,3,2.08
IT # Italian,pasta,3,2.08
IT # Italian,volcano,3,2.08
IT # Italian,fog,3,2.08
IT # Italian,apple,3,2.08
IT # Italian,bread,3,2.08
IT # Italian,painting,3,2.08
IT # Italian,egg,3,2.08
IT # Italian,artist,3,2.08
IT # Italian,soldier,3,2.08
IT # Italian,teacher,3,2.08
IT # Italian,farmer,3,2.08
IT # Italian,coin,3,2.08
IT # Italian,east,2,1.39
IT # Italian,peacock,2,1.39
IT # Italian,sword,2,1.39
IT # Italian,night,2,1.39
IT # Italian,rain,2,1.39
IT # Italian,justice,2,1.39
IT # Italian,love,2,1.39
IT # Italian,freedom,2,1.39
IT # Italian,earthquake,2,1.39
IT # Italian,father,2,1.39
IT # Italian,brother,2,1.39
IT # Italian,inside,2,1.39
IT # Italian,forest,2,1.39
IT # Italian,river,1,0.69
IT # Italian,cat,1,0.69
IT # Italian,back,1,0.69
IT # Italian,friend,1,0.69
IT # Italian,honesty,1,0.69
IT # Italian,lock,1,0.69
IT # Italian,evening,1,0.69
IT # Italian,lightning,1,0.69
IT # Italian,statue,1,0.69
IT # Italian,rainbow,1,0.69
IT # Italian,wisdom,1,0.69
IT # Italian,Justice,1,0.69
IT # Italian,front,1,0.69
IT # Italian,leader,1,0.69
JA # Japanese,flag,6,4.17
JA # Japanese,wisdom,4,2.78
JA # Japanese,courage,3,2.08
JA # Japanese,grass,3,2.08
JA # Japanese,monkey,3,2.08
JA # Japanese,dog,3,2.08
JA # Japanese,lake,3,2.08
JA # Japanese,mountain,3,2.08
JA # Japanese,forest,3,2.08
JA # Japanese,cactus,3,2.08
JA # Japanese,rose,3,2.08
JA # Japanese,potato,3,2.08
JA # Japanese,moon,3,2.08
JA # Japanese,brother,3,2.08
JA # Japanese,stranger,3,2.08
JA # Japanese,east,3,2.08
JA # Japanese,above,3,2.08
JA # Japanese,second,3,2.08
JA # Japanese,century,3,2.08
JA # Japanese,elephant,3,2.08
JA # Japanese,island,3,2.08
JA # Japanese,bridge,3,2.08
JA # Japanese,fog,3,2.08
JA # Japanese,painting,3,2.08
JA # Japanese,book,3,2.08
JA # Japanese,farmer,3,2.08
JA # Japanese,teacher,3,2.08
JA # Japanese,soldier,3,2.08
JA # Japanese,rice,3,2.08
JA # Japanese,volcano,3,2.08
JA # Japanese,fish,3,2.08
JA # Japanese,soup,3,2.08
JA # Japanese,morning,2,1.39
JA # Japanese,justice,2,1.39
JA # Japanese,outside,2,1.39
JA # Japanese,inside,2,1.39
JA # Japanese,bell,2,1.39
JA # Japanese,peacock,2,1.39
JA # Japanese,night,2,1.39
JA # Japanese,rival,2,1.39
JA # Japanese,earthquake,2,1.39
JA # Japanese,rainbow,2,1.39
JA # Japanese,father,2,1.39
JA # Japanese,broccoli,2,1.39
JA # Japanese,honesty,2,1.39
JA # Japanese,artist,2,1.39
JA # Japanese,sword,2,1.39
JA # Japanese,writer,1,0.69
JA # Japanese,back,1,0.69
JA # Japanese,ライバル (Rival),1,0.69
JA # Japanese,leader,1,0.69
JA # Japanese,west,1,0.69
JA # Japanese,rain,1,0.69
JA # Japanese,lightning,1,0.69
JA # Japanese,freedom,1,0.69
JA # Japanese,coin,1,0.69
JA # Japanese,evening,1,0.69
JA # Japanese,lock,1,0.69
JA # Japanese,apple,1,0.69
JA # Japanese,dolphin,1,0.69
JA # Japanese,year,1,0.69
KO # Korean,flag,6,4.17
KO # Korean,courage,3,2.08
KO # Korean,father,3,2.08
KO # Korean,elephant,3,2.08
KO # Korean,dog,3,2.08
KO # Korean,mountain,3,2.08
KO # Korean,island,3,2.08
KO # Korean,rose,3,2.08
KO # Korean,grass,3,2.08
KO # Korean,brother,3,2.08
KO # Korean,rival,3,2.08
KO # Korean,stranger,3,2.08
KO # Korean,moon,3,2.08
KO # Korean,east,3,2.08
KO # Korean,outside,3,2.08
KO # Korean,above,3,2.08
KO # Korean,morning,3,2.08
KO # Korean,second,3,2.08
KO # Korean,century,3,2.08
KO # Korean,justice,3,2.08
KO # Korean,dolphin,3,2.08
KO # Korean,cactus,3,2.08
KO # Korean,fog,3,2.08
KO # Korean,soldier,3,2.08
KO # Korean,volcano,3,2.08
KO # Korean,painting,3,2.08
KO # Korean,bell,3,2.08
KO # Korean,soup,3,2.08
KO # Korean,rice,3,2.08
KO # Korean,artist,3,2.08
KO # Korean,teacher,3,2.08
KO # Korean,farmer,3,2.08
KO # Korean,book,3,2.08
KO # Korean,bridge,3,2.08
KO # Korean,lightning,2,1.39
KO # Korean,night,2,1.39
KO # Korean,rain,2,1.39
KO # Korean,peacock,2,1.39
KO # Korean,wisdom,2,1.39
KO # Korean,broccoli,2,1.39
KO # Korean,fish,2,1.39
KO # Korean,inside,2,1.39
KO # Korean,sword,2,1.39
KO # Korean,potato,2,1.39
KO # Korean,honesty,2,1.39
KO # Korean,forest,2,1.39
KO # Korean,lake,2,1.39
KO # Korean,back,1,0.69
KO # Korean,monkey,1,0.69
KO # Korean,tomato,1,0.69
KO # Korean,valley,1,0.69
KO # Korean,lock,1,0.69
KO # Korean,earthquake,1,0.69
KO # Korean,love,1,0.69
KO # Korean,freedom,1,0.69
KO # Korean,evening,1,0.69
KO # Korean,rainbow,1,0.69
KO # Korean,apple,1,0.69
KO # Korean,beef,1,0.69
KO # Korean,river,1,0.69
LV # Latvian,flag,6,4.17
LV # Latvian,bread,6,4.17
LV # Latvian,potato,5,3.47
LV # Latvian,dolphin,4,2.78
LV # Latvian,forest,4,2.78
LV # Latvian,grass,3,2.08
LV # Latvian,elephant,3,2.08
LV # Latvian,dog,3,2.08
LV # Latvian,lake,3,2.08
LV # Latvian,mountain,3,2.08
LV # Latvian,courage,3,2.08
LV # Latvian,moon,3,2.08
LV # Latvian,father,3,2.08
LV # Latvian,stranger,3,2.08
LV # Latvian,above,3,2.08
LV # Latvian,morning,3,2.08
LV # Latvian,second,3,2.08
LV # Latvian,century,3,2.08
LV # Latvian,rival,3,2.08
LV # Latvian,rose,3,2.08
LV # Latvian,bridge,3,2.08
LV # Latvian,book,3,2.08
LV # Latvian,farmer,3,2.08
LV # Latvian,teacher,3,2.08
LV # Latvian,soldier,3,2.08
LV # Latvian,wisdom,3,2.08
LV # Latvian,apple,3,2.08
LV # Latvian,fog,3,2.08
LV # Latvian,painting,3,2.08
LV # Latvian,east,2,1.39
LV # Latvian,carpet,2,1.39
LV # Latvian,Justice,2,1.39
LV # Latvian,freedom,2,1.39
LV # Latvian,outside,2,1.39
LV # Latvian,night,2,1.39
LV # Latvian,inside,2,1.39
LV # Latvian,lightning,2,1.39
LV # Latvian,sword,2,1.39
LV # Latvian,rainbow,2,1.39
LV # Latvian,thunder,2,1.39
LV # Latvian,brother,2,1.39
LV # Latvian,island,2,1.39
LV # Latvian,artist,2,1.39
LV # Latvian,peacock,2,1.39
LV # Latvian,back,1,0.69
LV # Latvian,justice,1,0.69
LV # Latvian,egg,1,0.69
LV # Latvian,front,1,0.69
LV # Latvian,friend,1,0.69
LV # Latvian,cactus,1,0.69
LV # Latvian,coin,1,0.69
LV # Latvian,beef,1,0.69
LV # Latvian,Volcano,1,0.69
LV # Latvian,rain,1,0.69
LV # Latvian,Lightning,1,0.69
LV # Latvian,evening,1,0.69
LV # Latvian,lock,1,0.69
LV # Latvian,west,1,0.69
LV # Latvian,honesty,1,0.69
LV # Latvian,fish,1,0.69
LV # Latvian,writer,1,0.69
PL # Polish,flag,6,4.17
PL # Polish,potato,5,3.47
PL # Polish,dolphin,4,2.78
PL # Polish,forest,4,2.78
PL # Polish,rose,3,2.08
PL # Polish,moon,3,2.08
PL # Polish,elephant,3,2.08
PL # Polish,dog,3,2.08
PL # Polish,lake,3,2.08
PL # Polish,mountain,3,2.08
PL # Polish,grass,3,2.08
PL # Polish,book,3,2.08
PL # Polish,rival,3,2.08
PL # Polish,stranger,3,2.08
PL # Polish,above,3,2.08
PL # Polish,morning,3,2.08
PL # Polish,second,3,2.08
PL # Polish,century,3,2.08
PL # Polish,bridge,3,2.08
PL # Polish,courage,3,2.08
PL # Polish,farmer,3,2.08
PL # Polish,apple,3,2.08
PL # Polish,freedom,3,2.08
PL # Polish,teacher,3,2.08
PL # Polish,lightning,3,2.08
PL # Polish,volcano,3,2.08
PL # Polish,fog,3,2.08
PL # Polish,painting,3,2.08
PL # Polish,soup,3,2.08
PL # Polish,bread,3,2.08
PL # Polish,artist,3,2.08
PL # Polish,soldier,3,2.08
PL # Polish,sword,2,1.39
PL # Polish,rain,2,1.39
PL # Polish,wisdom,2,1.39
PL # Polish,justice,2,1.39
PL # Polish,island,2,1.39
PL # Polish,outside,2,1.39
PL # Polish,night,2,1.39
PL # Polish,inside,2,1.39
PL # Polish,front,2,1.39
PL # Polish,father,2,1.39
PL # Polish,brother,2,1.39
PL # Polish,egg,2,1.39
PL # Polish,peacock,2,1.39
PL # Polish,back,1,0.69
PL # Polish,brat,1,0.69
PL # Polish,bell,1,0.69
PL # Polish,cactus,1,0.69
PL # Polish,leader,1,0.69
PL # Polish,love,1,0.69
PL # Polish,fish,1,0.69
PL # Polish,dzwon,1,0.69
PL # Polish,lock,1,0.69
PL # Polish,evening,1,0.69
PL # Polish,coin,1,0.69
PL # Polish,west,1,0.69
PL # Polish,rainbow,1,0.69
PL # Polish,honesty,1,0.69
PL # Polish,east,1,0.69
PS # Pashto,flag,6,4.17
PS # Pashto,bread,5,3.47
PS # Pashto,courage,3,2.08
PS # Pashto,potato,3,2.08
PS # Pashto,elephant,3,2.08
PS # Pashto,dog,3,2.08
PS # Pashto,mountain,3,2.08
PS # Pashto,cactus,3,2.08
PS # Pashto,rose,3,2.08
PS # Pashto,grass,3,2.08
PS # Pashto,brother,3,2.08
PS # Pashto,moon,3,2.08
PS # Pashto,father,3,2.08
PS # Pashto,stranger,3,2.08
PS # Pashto,east,3,2.08
PS # Pashto,above,3,2.08
PS # Pashto,morning,3,2.08
PS # Pashto,second,3,2.08
PS # Pashto,century,3,2.08
PS # Pashto,peacock,3,2.08
PS # Pashto,desert,3,2.08
PS # Pashto,bridge,3,2.08
PS # Pashto,freedom,3,2.08
PS # Pashto,painting,3,2.08
PS # Pashto,carpet,3,2.08
PS # Pashto,fog,3,2.08
PS # Pashto,apple,3,2.08
PS # Pashto,beef,3,2.08
PS # Pashto,rain,3,2.08
PS # Pashto,soldier,3,2.08
PS # Pashto,teacher,3,2.08
PS # Pashto,farmer,3,2.08
PS # Pashto,book,3,2.08
PS # Pashto,monkey,2,1.39
PS # Pashto,earthquake,2,1.39
PS # Pashto,wisdom,2,1.39
PS # Pashto,outside,2,1.39
PS # Pashto,night,2,1.39
PS # Pashto,sword,2,1.39
PS # Pashto,inside,2,1.39
PS # Pashto,forest,2,1.39
PS # Pashto,volcano,2,1.39
PS # Pashto,rival,2,1.39
PS # Pashto,artist,2,1.39
PS # Pashto,honesty,2,1.39
PS # Pashto,lake,2,1.39
PS # Pashto,back,1,0.69
PS # Pashto,valley,1,0.69
PS # Pashto,writer,1,0.69
PS # Pashto,thunder,1,0.69
PS # Pashto,justice,1,0.69
PS # Pashto,dolphin,1,0.69
PS # Pashto,lock,1,0.69
PS # Pashto,enemy,1,0.69
PS # Pashto,west,1,0.69
PS # Pashto,lightning,1,0.69
PS # Pashto,peace,1,0.69
PS # Pashto,rice,1,0.69
PS # Pashto,evening,1,0.69
PS # Pashto,river,1,0.69
PT # Portuguese,flag,6,4.17
PT # Portuguese,dolphin,4,2.78
PT # Portuguese,teacher,3,2.08
PT # Portuguese,century,3,2.08
PT # Portuguese,elephant,3,2.08
PT # Portuguese,above,3,2.08
PT # Portuguese,moon,3,2.08
PT # Portuguese,bridge,3,2.08
PT # Portuguese,book,3,2.08
PT # Portuguese,farmer,3,2.08
PT # Portuguese,rival,3,2.08
PT # Portuguese,morning,3,2.08
PT # Portuguese,second,3,2.08
PT # Portuguese,inside,3,2.08
PT # Portuguese,lake,3,2.08
PT # Portuguese,soup,3,2.08
PT # Portuguese,apple,3,2.08
PT # Portuguese,fog,3,2.08
PT # Portuguese,volcano,3,2.08
PT # Portuguese,forest,3,2.08
PT # Portuguese,stranger,3,2.08
PT # Portuguese,painting,3,2.08
PT # Portuguese,cactus,3,2.08
PT # Portuguese,rose,3,2.08
PT # Portuguese,grass,3,2.08
PT # Portuguese,dog,3,2.08
PT # Portuguese,courage,2,1.39
PT # Portuguese,rain,2,1.39
PT # Portuguese,sword,2,1.39
PT # Portuguese,peacock,2,1.39
PT # Portuguese,east,2,1.39
PT # Portuguese,west,2,1.39
PT # Portuguese,night,2,1.39
PT # Portuguese,father,2,1.39
PT # Portuguese,brother,2,1.39
PT # Portuguese,honesty,2,1.39
PT # Portuguese,artist,2,1.39
PT # Portuguese,coin,2,1.39
PT # Portuguese,potato,2,1.39
PT # Portuguese,fish,2,1.39
PT # Portuguese,freedom,2,1.39
PT # Portuguese,love,2,1.39
PT # Portuguese,bread,2,1.39
PT # Portuguese,soldier,2,1.39
PT # Portuguese,mountain,2,1.39
PT # Portuguese,island,2,1.39
PT # Portuguese,earthquake,1,0.69
PT # Portuguese,desert,1,0.69
PT # Portuguese,bell,1,0.69
PT # Portuguese,justice,1,0.69
PT # Portuguese,egg,1,0.69
PT # Portuguese,writer,1,0.69
PT # Portuguese,ocean,1,0.69
PT # Portuguese,friend,1,0.69
PT # Portuguese,tomato,1,0.69
PT # Portuguese,rice,1,0.69
PT # Portuguese,lightning,1,0.69
PT # Portuguese,rainbow,1,0.69
PT # Portuguese,Soldier,1,0.69
PT # Portuguese,Lightning,1,0.69
PT # Portuguese,Justice,1,0.69
PT # Portuguese,sabedoria,1,0.69
PT # Portuguese,Courage,1,0.69
PT # Portuguese,evening,1,0.69
PT # Portuguese,lock,1,0.69
PT # Portuguese,outside,1,0.69
PT # Portuguese,front,1,0.69
PT # Portuguese,leader,1,0.69
RU # Russian,flag,6,4.17
RU # Russian,bread,5,3.47
RU # Russian,potato,4,2.78
RU # Russian,forest,4,2.78
RU # Russian,courage,3,2.08
RU # Russian,second,3,2.08
RU # Russian,elephant,3,2.08
RU # Russian,dolphin,3,2.08
RU # Russian,dog,3,2.08
RU # Russian,lake,3,2.08
RU # Russian,mountain,3,2.08
RU # Russian,morning,3,2.08
RU # Russian,justice,3,2.08
RU # Russian,rose,3,2.08
RU # Russian,grass,3,2.08
RU # Russian,brother,3,2.08
RU # Russian,rival,3,2.08
RU # Russian,father,3,2.08
RU # Russian,stranger,3,2.08
RU # Russian,century,3,2.08
RU # Russian,bridge,3,2.08
RU # Russian,moon,3,2.08
RU # Russian,apple,3,2.08
RU # Russian,wisdom,3,2.08
RU # Russian,painting,3,2.08
RU # Russian,lightning,3,2.08
RU # Russian,inside,3,2.08
RU # Russian,fog,3,2.08
RU # Russian,soldier,3,2.08
RU # Russian,teacher,3,2.08
RU # Russian,farmer,3,2.08
RU # Russian,book,3,2.08
RU # Russian,above,3,2.08
RU # Russian,rain,2,1.39
RU # Russian,bell,2,1.39
RU # Russian,sword,2,1.39
RU # Russian,peacock,2,1.39
RU # Russian,outside,2,1.39
RU # Russian,night,2,1.39
RU # Russian,cactus,2,1.39
RU # Russian,artist,2,1.39
RU # Russian,east,2,1.39
RU # Russian,volcano,2,1.39
RU # Russian,west,1,0.69
RU # Russian,rainbow,1,0.69
RU # Russian,egg,1,0.69
RU # Russian,soup,1,0.69
RU # Russian,thunder,1,0.69
RU # Russian,freedom,1,0.69
RU # Russian,carpet,1,0.69
RU # Russian,front,1,0.69
RU # Russian,desert,1,0.69
RU # Russian,beef,1,0.69
RU # Russian,fish,1,0.69
RU # Russian,Justice,1,0.69
RU # Russian,lock,1,0.69
RU # Russian,cat,1,0.69
RU # Russian,island,1,0.69
RU # Russian,evening,1,0.69
RU # Russian,honesty,1,0.69
RU # Russian,writer,1,0.69
SQ # Albanian,flag,6,4.17
SQ # Albanian,bread,6,4.17
SQ # Albanian,courage,3,2.08
SQ # Albanian,grass,3,2.08
SQ # Albanian,elephant,3,2.08
SQ # Albanian,dolphin,3,2.08
SQ # Albanian,dog,3,2.08
SQ # Albanian,mountain,3,2.08
SQ # Albanian,island,3,2.08
SQ # Albanian,rose,3,2.08
SQ # Albanian,brother,3,2.08
SQ # Albanian,moon,3,2.08
SQ # Albanian,rival,3,2.08
SQ # Albanian,stranger,3,2.08
SQ # Albanian,outside,3,2.08
SQ # Albanian,above,3,2.08
SQ # Albanian,morning,3,2.08
SQ # Albanian,second,3,2.08
SQ # Albanian,century,3,2.08
SQ # Albanian,peacock,3,2.08
SQ # Albanian,cactus,3,2.08
SQ # Albanian,painting,3,2.08
SQ # Albanian,apple,3,2.08
SQ # Albanian,book,3,2.08
SQ # Albanian,farmer,3,2.08
SQ # Albanian,teacher,3,2.08
SQ # Albanian,bridge,3,2.08
SQ # Albanian,soldier,3,2.08
SQ # Albanian,volcano,3,2.08
SQ # Albanian,fog,3,2.08
SQ # Albanian,freedom,3,2.08
SQ # Albanian,egg,3,2.08
SQ # Albanian,night,2,1.39
SQ # Albanian,justice,2,1.39
SQ # Albanian,inside,2,1.39
SQ # Albanian,carpet,2,1.39
SQ # Albanian,rain,2,1.39
SQ # Albanian,earthquake,2,1.39
SQ # Albanian,father,2,1.39
SQ # Albanian,front,2,1.39
SQ # Albanian,potato,2,1.39
SQ # Albanian,artist,2,1.39
SQ # Albanian,forest,2,1.39
SQ # Albanian,lake,2,1.39
SQ # Albanian,sword,2,1.39
SQ # Albanian,river,1,0.69
SQ # Albanian,tomato,1,0.69
SQ # Albanian,valley,1,0.69
SQ # Albanian,writer,1,0.69
SQ # Albanian,wisdom,1,0.69
SQ # Albanian,leader,1,0.69
SQ # Albanian,back,1,0.69
SQ # Albanian,lock,1,0.69
SQ # Albanian,lightning,1,0.69
SQ # Albanian,Wisdom,1,0.69
SQ # Albanian,love,1,0.69
SQ # Albanian,evening,1,0.69
SQ # Albanian,coin,1,0.69
SQ # Albanian,rainbow,1,0.69
SQ # Albanian,honesty,1,0.69
SQ # Albanian,east,1,0.69
SW # Swahili,flag,5,3.47
SW # Swahili,farmer,4,2.78
SW # Swahili,justice,4,2.78
SW # Swahili,lake,3,2.08
SW # Swahili,moon,3,2.08
SW # Swahili,second,3,2.08
SW # Swahili,peacock,3,2.08
SW # Swahili,elephant,3,2.08
SW # Swahili,morning,3,2.08
SW # Swahili,dog,3,2.08
SW # Swahili,above,3,2.08
SW # Swahili,mountain,3,2.08
SW # Swahili,book,3,2.08
SW # Swahili,outside,3,2.08
SW # Swahili,cactus,3,2.08
SW # Swahili,grass,3,2.08
SW # Swahili,east,3,2.08
SW # Swahili,stranger,3,2.08
SW # Swahili,century,3,2.08
SW # Swahili,rose,3,2.08
SW # Swahili,fog,3,2.08
SW # Swahili,teacher,3,2.08
SW # Swahili,painting,3,2.08
SW # Swahili,lightning,3,2.08
SW # Swahili,rain,3,2.08
SW # Swahili,volcano,3,2.08
SW # Swahili,rival,3,2.08
SW # Swahili,soup,3,2.08
SW # Swahili,rice,3,2.08
SW # Swahili,sword,2,1.39
SW # Swahili,drums,2,1.39
SW # Swahili,carpet,2,1.39
SW # Swahili,inside,2,1.39
SW # Swahili,wisdom,2,1.39
SW # Swahili,island,2,1.39
SW # Swahili,night,2,1.39
SW # Swahili,father,2,1.39
SW # Swahili,courage,2,1.39
SW # Swahili,brother,2,1.39
SW # Swahili,soldier,2,1.39
SW # Swahili,apple,2,1.39
SW # Swahili,potato,2,1.39
SW # Swahili,artist,2,1.39
SW # Swahili,fish,2,1.39
SW # Swahili,monkey,2,1.39
SW # Swahili,forest,2,1.39
SW # Swahili,evening,1,0.69
SW # Swahili,Friend,1,0.69
SW # Swahili,river,1,0.69
SW # Swahili,musician,1,0.69
SW # Swahili,beef,1,0.69
SW # Swahili,banana,1,0.69
SW # Swahili,mask,1,0.69
SW # Swahili,peace,1,0.69
SW # Swahili,back,1,0.69
SW # Swahili,coin,1,0.69
SW # Swahili,tomato,1,0.69
SW # Swahili,lock,1,0.69
SW # Swahili,nyani,1,0.69
SW # Swahili,honesty,1,0.69
SW # Swahili,desert,1,0.69
SW # Swahili,Justice,1,0.69
SW # Swahili,Courage,1,0.69
SW # Swahili,bridge,1,0.69
SW # Swahili,leader,1,0.69
TH # Thai,flag,5,3.47
TH # Thai,courage,3,2.08
TH # Thai,grass,3,2.08
TH # Thai,elephant,3,2.08
TH # Thai,dog,3,2.08
TH # Thai,lake,3,2.08
TH # Thai,mountain,3,2.08
TH # Thai,forest,3,2.08
TH # Thai,honesty,3,2.08
TH # Thai,rose,3,2.08
TH # Thai,rival,3,2.08
TH # Thai,moon,3,2.08
TH # Thai,father,3,2.08
TH # Thai,stranger,3,2.08
TH # Thai,outside,3,2.08
TH # Thai,above,3,2.08
TH # Thai,morning,3,2.08
TH # Thai,second,3,2.08
TH # Thai,century,3,2.08
TH # Thai,peacock,3,2.08
TH # Thai,cactus,3,2.08
TH # Thai,bridge,3,2.08
TH # Thai,artist,3,2.08
TH # Thai,rain,3,2.08
TH # Thai,fog,3,2.08
TH # Thai,soup,3,2.08
TH # Thai,fish,3,2.08
TH # Thai,rice,3,2.08
TH # Thai,painting,3,2.08
TH # Thai,soldier,3,2.08
TH # Thai,teacher,3,2.08
TH # Thai,farmer,3,2.08
TH # Thai,book,3,2.08
TH # Thai,inside,2,1.39
TH # Thai,sword,2,1.39
TH # Thai,broccoli,2,1.39
TH # Thai,bell,2,1.39
TH # Thai,wisdom,2,1.39
TH # Thai,night,2,1.39
TH # Thai,freedom,2,1.39
TH # Thai,earthquake,2,1.39
TH # Thai,front,2,1.39
TH # Thai,volcano,2,1.39
TH # Thai,brother,2,1.39
TH # Thai,potato,2,1.39
TH # Thai,monkey,2,1.39
TH # Thai,tomato,1,0.69
TH # Thai,thunder,1,0.69
TH # Thai,statue,1,0.69
TH # Thai,justice,1,0.69
TH # Thai,back,1,0.69
TH # Thai,river,1,0.69
TH # Thai,friend,1,0.69
TH # Thai,peace,1,0.69
TH # Thai,desert,1,0.69
TH # Thai,dolphin,1,0.69
TH # Thai,lightning,1,0.69
TH # Thai,island,1,0.69
TH # Thai,evening,1,0.69
TH # Thai,coin,1,0.69
TH # Thai,lock,1,0.69
TH # Thai,apple,1,0.69
TH # Thai,east,1,0.69
TR # Turkish,flag,6,4.17
TR # Turkish,bread,5,3.47
TR # Turkish,justice,4,2.78
TR # Turkish,forest,3,2.08
TR # Turkish,peacock,3,2.08
TR # Turkish,elephant,3,2.08
TR # Turkish,dolphin,3,2.08
TR # Turkish,dog,3,2.08
TR # Turkish,above,3,2.08
TR # Turkish,mountain,3,2.08
TR # Turkish,courage,3,2.08
TR # Turkish,moon,3,2.08
TR # Turkish,cactus,3,2.08
TR # Turkish,rose,3,2.08
TR # Turkish,grass,3,2.08
TR # Turkish,tomato,3,2.08
TR # Turkish,rival,3,2.08
TR # Turkish,father,3,2.08
TR # Turkish,morning,3,2.08
TR # Turkish,bridge,3,2.08
TR # Turkish,volcano,3,2.08
TR # Turkish,fog,3,2.08
TR # Turkish,wisdom,3,2.08
TR # Turkish,carpet,3,2.08
TR # Turkish,painting,3,2.08
TR # Turkish,earthquake,3,2.08
TR # Turkish,rain,3,2.08
TR # Turkish,second,3,2.08
TR # Turkish,stranger,3,2.08
TR # Turkish,apple,3,2.08
TR # Turkish,century,3,2.08
TR # Turkish,soldier,3,2.08
TR # Turkish,teacher,3,2.08
TR # Turkish,farmer,3,2.08
TR # Turkish,sword,2,1.39
TR # Turkish,west,2,1.39
TR # Turkish,night,2,1.39
TR # Turkish,inside,2,1.39
TR # Turkish,island,2,1.39
TR # Turkish,front,2,1.39
TR # Turkish,lake,2,1.39
TR # Turkish,book,2,1.39
TR # Turkish,artist,2,1.39
TR # Turkish,freedom,2,1.39
TR # Turkish,brother,2,1.39
TR # Turkish,friend,1,0.69
TR # Turkish,east,1,0.69
TR # Turkish,valley,1,0.69
TR # Turkish,writer,1,0.69
TR # Turkish,egg,1,0.69
TR # Turkish,back,1,0.69
TR # Turkish,fish,1,0.69
TR # Turkish,desert,1,0.69
TR # Turkish,kitap,1,0.69
TR # Turkish,beef,1,0.69
TR # Turkish,soup,1,0.69
TR # Turkish,evening,1,0.69
TR # Turkish,lock,1,0.69
TR # Turkish,outside,1,0.69
UR # Urdu,flag,6,4.17
UR # Urdu,justice,4,2.78
UR # Urdu,courage,3,2.08
UR # Urdu,brother,3,2.08
UR # Urdu,elephant,3,2.08
UR # Urdu,dog,3,2.08
UR # Urdu,mountain,3,2.08
UR # Urdu,desert,3,2.08
UR # Urdu,rose,3,2.08
UR # Urdu,grass,3,2.08
UR # Urdu,potato,3,2.08
UR # Urdu,rival,3,2.08
UR # Urdu,moon,3,2.08
UR # Urdu,father,3,2.08
UR # Urdu,stranger,3,2.08
UR # Urdu,above,3,2.08
UR # Urdu,morning,3,2.08
UR # Urdu,second,3,2.08
UR # Urdu,century,3,2.08
UR # Urdu,peacock,3,2.08
UR # Urdu,cactus,3,2.08
UR # Urdu,bridge,3,2.08
UR # Urdu,soldier,3,2.08
UR # Urdu,carpet,3,2.08
UR # Urdu,painting,3,2.08
UR # Urdu,rain,3,2.08
UR # Urdu,rice,3,2.08
UR # Urdu,fog,3,2.08
UR # Urdu,teacher,3,2.08
UR # Urdu,book,3,2.08
UR # Urdu,farmer,3,2.08
UR # Urdu,lake,2,1.39
UR # Urdu,east,2,1.39
UR # Urdu,monkey,2,1.39
UR # Urdu,lightning,2,1.39
UR # Urdu,wisdom,2,1.39
UR # Urdu,outside,2,1.39
UR # Urdu,night,2,1.39
UR # Urdu,forest,2,1.39
UR # Urdu,inside,2,1.39
UR # Urdu,volcano,2,1.39
UR # Urdu,sword,2,1.39
UR # Urdu,apple,2,1.39
UR # Urdu,fish,2,1.39
UR # Urdu,artist,2,1.39
UR # Urdu,soup,2,1.39
UR # Urdu,valley,1,0.69
UR # Urdu,thunder,1,0.69
UR # Urdu,beef,1,0.69
UR # Urdu,back,1,0.69
UR # Urdu,front,1,0.69
UR # Urdu,writer,1,0.69
UR # Urdu,earthquake,1,0.69
UR # Urdu,broccoli,1,0.69
UR # Urdu,Justice,1,0.69
UR # Urdu,peace,1,0.69
UR # Urdu,evening,1,0.69
UR # Urdu,lock,1,0.69
UR # Urdu,west,1,0.69
UR # Urdu,bread,1,0.69
UR # Urdu,honesty,1,0.69
UR # Urdu,dolphin,1,0.69
UR # Urdu,river,1,0.69
VI # Vietnamese,flag,6,4.17
VI # Vietnamese,courage,3,2.08
VI # Vietnamese,grass,3,2.08
VI # Vietnamese,moon,3,2.08
VI # Vietnamese,peacock,3,2.08
VI # Vietnamese,elephant,3,2.08
VI # Vietnamese,dog,3,2.08
VI # Vietnamese,mountain,3,2.08
VI # Vietnamese,forest,3,2.08
VI # Vietnamese,cactus,3,2.08
VI # Vietnamese,brother,3,2.08
VI # Vietnamese,book,3,2.08
VI # Vietnamese,father,3,2.08
VI # Vietnamese,stranger,3,2.08
VI # Vietnamese,above,3,2.08
VI # Vietnamese,morning,3,2.08
VI # Vietnamese,second,3,2.08
VI # Vietnamese,century,3,2.08
VI # Vietnamese,bridge,3,2.08
VI # Vietnamese,rose,3,2.08
VI # Vietnamese,farmer,3,2.08
VI # Vietnamese,fish,3,2.08
VI # Vietnamese,freedom,3,2.08
VI # Vietnamese,bell,3,2.08
VI # Vietnamese,teacher,3,2.08
VI # Vietnamese,volcano,3,2.08
VI # Vietnamese,fog,3,2.08
VI # Vietnamese,soup,3,2.08
VI # Vietnamese,painting,3,2.08
VI # Vietnamese,rice,3,2.08
VI # Vietnamese,soldier,3,2.08
VI # Vietnamese,lake,2,1.39
VI # Vietnamese,inside,2,1.39
VI # Vietnamese,night,2,1.39
VI # Vietnamese,outside,2,1.39
VI # Vietnamese,monkey,2,1.39
VI # Vietnamese,sword,2,1.39
VI # Vietnamese,lettuce,2,1.39
VI # Vietnamese,rain,2,1.39
VI # Vietnamese,artist,2,1.39
VI # Vietnamese,wisdom,2,1.39
VI # Vietnamese,potato,2,1.39
VI # Vietnamese,lightning,2,1.39
VI # Vietnamese,honesty,2,1.39
VI # Vietnamese,rival,2,1.39
VI # Vietnamese,east,2,1.39
VI # Vietnamese,tomato,1,0.69
VI # Vietnamese,village,1,0.69
VI # Vietnamese,writer,1,0.69
VI # Vietnamese,earthquake,1,0.69
VI # Vietnamese,apple,1,0.69
VI # Vietnamese,back,1,0.69
VI # Vietnamese,north,1,0.69
VI # Vietnamese,enemy,1,0.69
VI # Vietnamese,west,1,0.69
VI # Vietnamese,desert,1,0.69
VI # Vietnamese,dolphin,1,0.69
VI # Vietnamese,rainbow,1,0.69
VI # Vietnamese,peace,1,0.69
VI # Vietnamese,justice,1,0.69
VI # Vietnamese,island,1,0.69
VI # Vietnamese,lock,1,0.69
VI # Vietnamese,evening,1,0.69
VI # Vietnamese,river,1,0.69
ZH # Mandarin,flag,5,3.47
ZH # Mandarin,justice,4,2.78
ZH # Mandarin,above,4,2.78
ZH # Mandarin,courage,3,2.08
ZH # Mandarin,mountain,3,2.08
ZH # Mandarin,century,3,2.08
ZH # Mandarin,peacock,3,2.08
ZH # Mandarin,elephant,3,2.08
ZH # Mandarin,monkey,3,2.08
ZH # Mandarin,dog,3,2.08
ZH # Mandarin,lake,3,2.08
ZH # Mandarin,cactus,3,2.08
ZH # Mandarin,second,3,2.08
ZH # Mandarin,bridge,3,2.08
ZH # Mandarin,rose,3,2.08
ZH # Mandarin,grass,3,2.08
ZH # Mandarin,brother,3,2.08
ZH # Mandarin,rival,3,2.08
ZH # Mandarin,father,3,2.08
ZH # Mandarin,moon,3,2.08
ZH # Mandarin,book,3,2.08
ZH # Mandarin,inside,3,2.08
ZH # Mandarin,soup,3,2.08
ZH # Mandarin,wisdom,3,2.08
ZH # Mandarin,bell,3,2.08
ZH # Mandarin,painting,3,2.08
ZH # Mandarin,fog,3,2.08
ZH # Mandarin,farmer,3,2.08
ZH # Mandarin,stranger,3,2.08
ZH # Mandarin,fish,3,2.08
ZH # Mandarin,rice,3,2.08
ZH # Mandarin,soldier,3,2.08
ZH # Mandarin,teacher,3,2.08
ZH # Mandarin,broccoli,2,1.39
ZH # Mandarin,sword,2,1.39
ZH # Mandarin,outside,2,1.39
ZH # Mandarin,night,2,1.39
ZH # Mandarin,rain,2,1.39
ZH # Mandarin,morning,2,1.39
ZH # Mandarin,island,2,1.39
ZH # Mandarin,east,2,1.39
ZH # Mandarin,forest,2,1.39
ZH # Mandarin,earthquake,2,1.39
ZH # Mandarin,artist,2,1.39
ZH # Mandarin,volcano,2,1.39
ZH # Mandarin,honesty,2,1.39
ZH # Mandarin,potato,2,1.39
ZH # Mandarin,evening,1,0.69
ZH # Mandarin,lock,1,0.69
ZH # Mandarin,lightning,1,0.69
ZH # Mandarin,apple,1,0.69
ZH # Mandarin,west,1,0.69
ZH # Mandarin,desert,1,0.69
ZH # Mandarin,tomato,1,0.69
ZH # Mandarin,rainbow,1,0.69
ZH # Mandarin,statue,1,0.69
ZH # Mandarin,thunder,1,0.69
ZH # Mandarin,writer,1,0.69
ZH # Mandarin,river,1,0.69
ZH # Mandarin,year,1,0.69
